matchname,team,opponent,ishome,goals_scored,goals_conceded,result,season
Almeria vs Athletic Club,Athletic Club,Almeria,0,0,0,D,2023-24
Almeria vs Athletic Club,Almeria,Athletic Club,1,0,0,D,2023-24
Almeria vs Atletico,Almeria,Atletico,1,2,2,D,2023-24
Almeria vs Atletico,Atletico,Almeria,0,2,2,D,2023-24
Almeria vs Barcelona,Almeria,Barcelona,1,0,2,L,2023-24
Almeria vs Barcelona,Barcelona,Almeria,0,2,0,W,2023-24
Almeria vs Cadiz,Almeria,Cadiz,1,6,1,W,2023-24
Almeria vs Cadiz,Cadiz,Almeria,0,1,6,L,2023-24
Almeria vs Celta Vigo,Almeria,Celta Vigo,1,2,3,L,2023-24
Almeria vs Celta Vigo,Celta Vigo,Almeria,0,3,2,W,2023-24
Almeria vs Deportivo Alaves,Almeria,Deportivo Alaves,1,0,3,L,2023-24
Almeria vs Deportivo Alaves,Deportivo Alaves,Almeria,0,3,0,W,2023-24
Almeria vs Getafe,Almeria,Getafe,1,1,3,L,2023-24
Almeria vs Getafe,Getafe,Almeria,0,3,1,W,2023-24
Almeria vs Girona,Girona,Almeria,0,0,0,D,2023-24
Almeria vs Girona,Almeria,Girona,1,0,0,D,2023-24
Almeria vs Granada,Almeria,Granada,1,3,3,D,2023-24
Almeria vs Granada,Granada,Almeria,0,3,3,D,2023-24
Almeria vs Las Palmas,Almeria,Las Palmas,1,1,2,L,2023-24
Almeria vs Las Palmas,Las Palmas,Almeria,0,2,1,W,2023-24
Almeria vs Mallorca,Almeria,Mallorca,1,0,0,D,2023-24
Almeria vs Mallorca,Mallorca,Almeria,0,0,0,D,2023-24
Almeria vs Osasuna,Almeria,Osasuna,1,0,3,L,2023-24
Almeria vs Osasuna,Osasuna,Almeria,0,3,0,W,2023-24
Almeria vs Rayo Vallecano,Almeria,Rayo Vallecano,1,0,2,L,2023-24
Almeria vs Rayo Vallecano,Rayo Vallecano,Almeria,0,2,0,W,2023-24
Almeria vs Real Betis,Almeria,Real Betis,1,0,0,D,2023-24
Almeria vs Real Betis,Real Betis,Almeria,0,0,0,D,2023-24
Almeria vs Real Madrid,Almeria,Real Madrid,1,1,3,L,2023-24
Almeria vs Real Madrid,Real Madrid,Almeria,0,3,1,W,2023-24
Almeria vs Real Sociedad,Almeria,Real Sociedad,1,1,3,L,2023-24
Almeria vs Real Sociedad,Real Sociedad,Almeria,0,3,1,W,2023-24
Almeria vs Sevilla,Almeria,Sevilla,1,2,2,D,2023-24
Almeria vs Sevilla,Sevilla,Almeria,0,2,2,D,2023-24
Almeria vs Valencia,Almeria,Valencia,1,2,2,D,2023-24
Almeria vs Valencia,Valencia,Almeria,0,2,2,D,2023-24
Almeria vs Villarreal,Almeria,Villarreal,1,1,2,L,2023-24
Almeria vs Villarreal,Villarreal,Almeria,0,2,1,W,2023-24
Athletic Club vs Almeria,Almeria,Athletic Club,0,0,3,L,2023-24
Athletic Club vs Almeria,Athletic Club,Almeria,1,3,0,W,2023-24
Athletic Club vs Atletico,Athletic Club,Atletico,1,2,0,W,2023-24
Athletic Club vs Atletico,Atletico,Athletic Club,0,0,2,L,2023-24
Athletic Club vs Barcelona,Barcelona,Athletic Club,0,0,0,D,2023-24
Athletic Club vs Barcelona,Athletic Club,Barcelona,1,0,0,D,2023-24
Athletic Club vs Cadiz,Athletic Club,Cadiz,1,3,0,W,2023-24
Athletic Club vs Cadiz,Cadiz,Athletic Club,0,0,3,L,2023-24
Athletic Club vs Celta Vigo,Athletic Club,Celta Vigo,1,4,3,W,2023-24
Athletic Club vs Celta Vigo,Celta Vigo,Athletic Club,0,3,4,L,2023-24
Athletic Club vs Deportivo Alaves,Athletic Club,Deportivo Alaves,1,2,0,W,2023-24
Athletic Club vs Deportivo Alaves,Deportivo Alaves,Athletic Club,0,0,2,L,2023-24
Athletic Club vs Getafe,Athletic Club,Getafe,1,2,2,D,2023-24
Athletic Club vs Getafe,Getafe,Athletic Club,0,2,2,D,2023-24
Athletic Club vs Girona,Athletic Club,Girona,1,3,2,W,2023-24
Athletic Club vs Girona,Girona,Athletic Club,0,2,3,L,2023-24
Athletic Club vs Granada,Athletic Club,Granada,1,1,1,D,2023-24
Athletic Club vs Granada,Granada,Athletic Club,0,1,1,D,2023-24
Athletic Club vs Las Palmas,Athletic Club,Las Palmas,1,1,0,W,2023-24
Athletic Club vs Las Palmas,Las Palmas,Athletic Club,0,0,1,L,2023-24
Athletic Club vs Mallorca,Athletic Club,Mallorca,1,4,0,W,2023-24
Athletic Club vs Mallorca,Mallorca,Athletic Club,0,0,4,L,2023-24
Athletic Club vs Osasuna,Athletic Club,Osasuna,1,2,2,D,2023-24
Athletic Club vs Osasuna,Osasuna,Athletic Club,0,2,2,D,2023-24
Athletic Club vs Rayo Vallecano,Athletic Club,Rayo Vallecano,1,4,0,W,2023-24
Athletic Club vs Rayo Vallecano,Rayo Vallecano,Athletic Club,0,0,4,L,2023-24
Athletic Club vs Real Betis,Athletic Club,Real Betis,1,4,2,W,2023-24
Athletic Club vs Real Betis,Real Betis,Athletic Club,0,2,4,L,2023-24
Athletic Club vs Real Madrid,Athletic Club,Real Madrid,1,0,2,L,2023-24
Athletic Club vs Real Madrid,Real Madrid,Athletic Club,0,2,0,W,2023-24
Athletic Club vs Real Sociedad,Athletic Club,Real Sociedad,1,2,1,W,2023-24
Athletic Club vs Real Sociedad,Real Sociedad,Athletic Club,0,1,2,L,2023-24
Athletic Club vs Sevilla,Athletic Club,Sevilla,1,2,0,W,2023-24
Athletic Club vs Sevilla,Sevilla,Athletic Club,0,0,2,L,2023-24
Athletic Club vs Valencia,Athletic Club,Valencia,1,2,2,D,2023-24
Athletic Club vs Valencia,Valencia,Athletic Club,0,2,2,D,2023-24
Athletic Club vs Villarreal,Athletic Club,Villarreal,1,1,1,D,2023-24
Athletic Club vs Villarreal,Villarreal,Athletic Club,0,1,1,D,2023-24
Atletico vs Almeria,Almeria,Atletico,0,1,2,L,2023-24
Atletico vs Almeria,Atletico,Almeria,1,2,1,W,2023-24
Atletico vs Athletic Club,Athletic Club,Atletico,0,1,3,L,2023-24
Atletico vs Athletic Club,Atletico,Athletic Club,1,3,1,W,2023-24
Atletico vs Barcelona,Atletico,Barcelona,1,0,3,L,2023-24
Atletico vs Barcelona,Barcelona,Atletico,0,3,0,W,2023-24
Atletico vs Cadiz,Atletico,Cadiz,1,3,2,W,2023-24
Atletico vs Cadiz,Cadiz,Atletico,0,2,3,L,2023-24
Atletico vs Celta Vigo,Atletico,Celta Vigo,1,1,0,W,2023-24
Atletico vs Celta Vigo,Celta Vigo,Atletico,0,0,1,L,2023-24
Atletico vs Deportivo Alaves,Atletico,Deportivo Alaves,1,2,1,W,2023-24
Atletico vs Deportivo Alaves,Deportivo Alaves,Atletico,0,1,2,L,2023-24
Atletico vs Getafe,Atletico,Getafe,1,3,3,D,2023-24
Atletico vs Getafe,Getafe,Atletico,0,3,3,D,2023-24
Atletico vs Girona,Atletico,Girona,1,3,1,W,2023-24
Atletico vs Girona,Girona,Atletico,0,1,3,L,2023-24
Atletico vs Granada,Atletico,Granada,1,3,1,W,2023-24
Atletico vs Granada,Granada,Atletico,0,1,3,L,2023-24
Atletico vs Las Palmas,Atletico,Las Palmas,1,5,0,W,2023-24
Atletico vs Las Palmas,Las Palmas,Atletico,0,0,5,L,2023-24
Atletico vs Mallorca,Atletico,Mallorca,1,1,0,W,2023-24
Atletico vs Mallorca,Mallorca,Atletico,0,0,1,L,2023-24
Atletico vs Osasuna,Atletico,Osasuna,1,1,4,L,2023-24
Atletico vs Osasuna,Osasuna,Atletico,0,4,1,W,2023-24
Atletico vs Rayo Vallecano,Atletico,Rayo Vallecano,1,2,1,W,2023-24
Atletico vs Rayo Vallecano,Rayo Vallecano,Atletico,0,1,2,L,2023-24
Atletico vs Real Betis,Atletico,Real Betis,1,2,1,W,2023-24
Atletico vs Real Betis,Real Betis,Atletico,0,1,2,L,2023-24
Atletico vs Real Madrid,Atletico,Real Madrid,1,3,1,W,2023-24
Atletico vs Real Madrid,Real Madrid,Atletico,0,1,3,L,2023-24
Atletico vs Real Sociedad,Atletico,Real Sociedad,1,2,1,W,2023-24
Atletico vs Real Sociedad,Real Sociedad,Atletico,0,1,2,L,2023-24
Atletico vs Sevilla,Atletico,Sevilla,1,1,0,W,2023-24
Atletico vs Sevilla,Sevilla,Atletico,0,0,1,L,2023-24
Atletico vs Valencia,Atletico,Valencia,1,2,0,W,2023-24
Atletico vs Valencia,Valencia,Atletico,0,0,2,L,2023-24
Atletico vs Villarreal,Atletico,Villarreal,1,3,1,W,2023-24
Atletico vs Villarreal,Villarreal,Atletico,0,1,3,L,2023-24
Barcelona vs Almeria,Almeria,Barcelona,0,2,3,L,2023-24
Barcelona vs Almeria,Barcelona,Almeria,1,3,2,W,2023-24
Barcelona vs Athletic Club,Athletic Club,Barcelona,0,0,1,L,2023-24
Barcelona vs Athletic Club,Barcelona,Athletic Club,1,1,0,W,2023-24
Barcelona vs Atletico,Atletico,Barcelona,0,0,1,L,2023-24
Barcelona vs Atletico,Barcelona,Atletico,1,1,0,W,2023-24
Barcelona vs Cadiz,Barcelona,Cadiz,1,2,0,W,2023-24
Barcelona vs Cadiz,Cadiz,Barcelona,0,0,2,L,2023-24
Barcelona vs Celta Vigo,Barcelona,Celta Vigo,1,3,2,W,2023-24
Barcelona vs Celta Vigo,Celta Vigo,Barcelona,0,2,3,L,2023-24
Barcelona vs Deportivo Alaves,Barcelona,Deportivo Alaves,1,2,1,W,2023-24
Barcelona vs Deportivo Alaves,Deportivo Alaves,Barcelona,0,1,2,L,2023-24
Barcelona vs Getafe,Barcelona,Getafe,1,4,0,W,2023-24
Barcelona vs Getafe,Getafe,Barcelona,0,0,4,L,2023-24
Barcelona vs Girona,Barcelona,Girona,1,2,4,L,2023-24
Barcelona vs Girona,Girona,Barcelona,0,4,2,W,2023-24
Barcelona vs Granada,Barcelona,Granada,1,3,3,D,2023-24
Barcelona vs Granada,Granada,Barcelona,0,3,3,D,2023-24
Barcelona vs Las Palmas,Barcelona,Las Palmas,1,1,0,W,2023-24
Barcelona vs Las Palmas,Las Palmas,Barcelona,0,0,1,L,2023-24
Barcelona vs Mallorca,Barcelona,Mallorca,1,1,0,W,2023-24
Barcelona vs Mallorca,Mallorca,Barcelona,0,0,1,L,2023-24
Barcelona vs Osasuna,Barcelona,Osasuna,1,1,0,W,2023-24
Barcelona vs Osasuna,Osasuna,Barcelona,0,0,1,L,2023-24
Barcelona vs Rayo Vallecano,Barcelona,Rayo Vallecano,1,3,0,W,2023-24
Barcelona vs Rayo Vallecano,Rayo Vallecano,Barcelona,0,0,3,L,2023-24
Barcelona vs Real Betis,Barcelona,Real Betis,1,5,0,W,2023-24
Barcelona vs Real Betis,Real Betis,Barcelona,0,0,5,L,2023-24
Barcelona vs Real Madrid,Barcelona,Real Madrid,1,1,2,L,2023-24
Barcelona vs Real Madrid,Real Madrid,Barcelona,0,2,1,W,2023-24
Barcelona vs Real Sociedad,Barcelona,Real Sociedad,1,2,0,W,2023-24
Barcelona vs Real Sociedad,Real Sociedad,Barcelona,0,0,2,L,2023-24
Barcelona vs Sevilla,Barcelona,Sevilla,1,1,0,W,2023-24
Barcelona vs Sevilla,Sevilla,Barcelona,0,0,1,L,2023-24
Barcelona vs Valencia,Barcelona,Valencia,1,4,2,W,2023-24
Barcelona vs Valencia,Valencia,Barcelona,0,2,4,L,2023-24
Barcelona vs Villarreal,Barcelona,Villarreal,1,3,5,L,2023-24
Barcelona vs Villarreal,Villarreal,Barcelona,0,5,3,W,2023-24
Cadiz vs Almeria,Almeria,Cadiz,0,1,1,D,2023-24
Cadiz vs Almeria,Cadiz,Almeria,1,1,1,D,2023-24
Cadiz vs Athletic Club,Cadiz,Athletic Club,1,0,0,D,2023-24
Cadiz vs Athletic Club,Athletic Club,Cadiz,0,0,0,D,2023-24
Cadiz vs Atletico,Atletico,Cadiz,0,0,2,L,2023-24
Cadiz vs Atletico,Cadiz,Atletico,1,2,0,W,2023-24
Cadiz vs Barcelona,Barcelona,Cadiz,0,1,0,W,2023-24
Cadiz vs Barcelona,Cadiz,Barcelona,1,0,1,L,2023-24
Cadiz vs Celta Vigo,Cadiz,Celta Vigo,1,2,2,D,2023-24
Cadiz vs Celta Vigo,Celta Vigo,Cadiz,0,2,2,D,2023-24
Cadiz vs Deportivo Alaves,Cadiz,Deportivo Alaves,1,1,0,W,2023-24
Cadiz vs Deportivo Alaves,Deportivo Alaves,Cadiz,0,0,1,L,2023-24
Cadiz vs Getafe,Cadiz,Getafe,1,1,0,W,2023-24
Cadiz vs Getafe,Getafe,Cadiz,0,0,1,L,2023-24
Cadiz vs Girona,Cadiz,Girona,1,0,1,L,2023-24
Cadiz vs Girona,Girona,Cadiz,0,1,0,W,2023-24
Cadiz vs Granada,Cadiz,Granada,1,1,0,W,2023-24
Cadiz vs Granada,Granada,Cadiz,0,0,1,L,2023-24
Cadiz vs Las Palmas,Las Palmas,Cadiz,0,0,0,D,2023-24
Cadiz vs Las Palmas,Cadiz,Las Palmas,1,0,0,D,2023-24
Cadiz vs Mallorca,Cadiz,Mallorca,1,1,1,D,2023-24
Cadiz vs Mallorca,Mallorca,Cadiz,0,1,1,D,2023-24
Cadiz vs Osasuna,Cadiz,Osasuna,1,1,1,D,2023-24
Cadiz vs Osasuna,Osasuna,Cadiz,0,1,1,D,2023-24
Cadiz vs Rayo Vallecano,Rayo Vallecano,Cadiz,0,0,0,D,2023-24
Cadiz vs Rayo Vallecano,Cadiz,Rayo Vallecano,1,0,0,D,2023-24
Cadiz vs Real Betis,Cadiz,Real Betis,1,0,2,L,2023-24
Cadiz vs Real Betis,Real Betis,Cadiz,0,2,0,W,2023-24
Cadiz vs Real Madrid,Cadiz,Real Madrid,1,0,3,L,2023-24
Cadiz vs Real Madrid,Real Madrid,Cadiz,0,3,0,W,2023-24
Cadiz vs Real Sociedad,Cadiz,Real Sociedad,1,0,0,D,2023-24
Cadiz vs Real Sociedad,Real Sociedad,Cadiz,0,0,0,D,2023-24
Cadiz vs Sevilla,Cadiz,Sevilla,1,2,2,D,2023-24
Cadiz vs Sevilla,Sevilla,Cadiz,0,2,2,D,2023-24
Cadiz vs Valencia,Cadiz,Valencia,1,1,4,L,2023-24
Cadiz vs Valencia,Valencia,Cadiz,0,4,1,W,2023-24
Cadiz vs Villarreal,Cadiz,Villarreal,1,3,1,W,2023-24
Cadiz vs Villarreal,Villarreal,Cadiz,0,1,3,L,2023-24
Celta Vigo vs Almeria,Almeria,Celta Vigo,0,0,1,L,2023-24
Celta Vigo vs Almeria,Celta Vigo,Almeria,1,1,0,W,2023-24
Celta Vigo vs Athletic Club,Athletic Club,Celta Vigo,0,1,2,L,2023-24
Celta Vigo vs Athletic Club,Celta Vigo,Athletic Club,1,2,1,W,2023-24
Celta Vigo vs Atletico,Atletico,Celta Vigo,0,3,0,W,2023-24
Celta Vigo vs Atletico,Celta Vigo,Atletico,1,0,3,L,2023-24
Celta Vigo vs Barcelona,Barcelona,Celta Vigo,0,2,1,W,2023-24
Celta Vigo vs Barcelona,Celta Vigo,Barcelona,1,1,2,L,2023-24
Celta Vigo vs Cadiz,Cadiz,Celta Vigo,0,1,1,D,2023-24
Celta Vigo vs Cadiz,Celta Vigo,Cadiz,1,1,1,D,2023-24
Celta Vigo vs Deportivo Alaves,Celta Vigo,Deportivo Alaves,1,1,1,D,2023-24
Celta Vigo vs Deportivo Alaves,Deportivo Alaves,Celta Vigo,0,1,1,D,2023-24
Celta Vigo vs Getafe,Celta Vigo,Getafe,1,2,2,D,2023-24
Celta Vigo vs Getafe,Getafe,Celta Vigo,0,2,2,D,2023-24
Celta Vigo vs Girona,Celta Vigo,Girona,1,0,1,L,2023-24
Celta Vigo vs Girona,Girona,Celta Vigo,0,1,0,W,2023-24
Celta Vigo vs Granada,Celta Vigo,Granada,1,1,0,W,2023-24
Celta Vigo vs Granada,Granada,Celta Vigo,0,0,1,L,2023-24
Celta Vigo vs Las Palmas,Celta Vigo,Las Palmas,1,4,1,W,2023-24
Celta Vigo vs Las Palmas,Las Palmas,Celta Vigo,0,1,4,L,2023-24
Celta Vigo vs Mallorca,Celta Vigo,Mallorca,1,0,1,L,2023-24
Celta Vigo vs Mallorca,Mallorca,Celta Vigo,0,1,0,W,2023-24
Celta Vigo vs Osasuna,Celta Vigo,Osasuna,1,0,2,L,2023-24
Celta Vigo vs Osasuna,Osasuna,Celta Vigo,0,2,0,W,2023-24
Celta Vigo vs Rayo Vallecano,Rayo Vallecano,Celta Vigo,0,0,0,D,2023-24
Celta Vigo vs Rayo Vallecano,Celta Vigo,Rayo Vallecano,1,0,0,D,2023-24
Celta Vigo vs Real Betis,Celta Vigo,Real Betis,1,2,1,W,2023-24
Celta Vigo vs Real Betis,Real Betis,Celta Vigo,0,1,2,L,2023-24
Celta Vigo vs Real Madrid,Celta Vigo,Real Madrid,1,0,1,L,2023-24
Celta Vigo vs Real Madrid,Real Madrid,Celta Vigo,0,1,0,W,2023-24
Celta Vigo vs Real Sociedad,Celta Vigo,Real Sociedad,1,0,1,L,2023-24
Celta Vigo vs Real Sociedad,Real Sociedad,Celta Vigo,0,1,0,W,2023-24
Celta Vigo vs Sevilla,Celta Vigo,Sevilla,1,1,1,D,2023-24
Celta Vigo vs Sevilla,Sevilla,Celta Vigo,0,1,1,D,2023-24
Celta Vigo vs Valencia,Celta Vigo,Valencia,1,2,2,D,2023-24
Celta Vigo vs Valencia,Valencia,Celta Vigo,0,2,2,D,2023-24
Celta Vigo vs Villarreal,Celta Vigo,Villarreal,1,3,2,W,2023-24
Celta Vigo vs Villarreal,Villarreal,Celta Vigo,0,2,3,L,2023-24
Deportivo Alaves vs Almeria,Almeria,Deportivo Alaves,0,0,1,L,2023-24
Deportivo Alaves vs Almeria,Deportivo Alaves,Almeria,1,1,0,W,2023-24
Deportivo Alaves vs Athletic Club,Athletic Club,Deportivo Alaves,0,2,0,W,2023-24
Deportivo Alaves vs Athletic Club,Deportivo Alaves,Athletic Club,1,0,2,L,2023-24
Deportivo Alaves vs Atletico,Atletico,Deportivo Alaves,0,0,2,L,2023-24
Deportivo Alaves vs Atletico,Deportivo Alaves,Atletico,1,2,0,W,2023-24
Deportivo Alaves vs Barcelona,Barcelona,Deportivo Alaves,0,3,1,W,2023-24
Deportivo Alaves vs Barcelona,Deportivo Alaves,Barcelona,1,1,3,L,2023-24
Deportivo Alaves vs Cadiz,Cadiz,Deportivo Alaves,0,0,1,L,2023-24
Deportivo Alaves vs Cadiz,Deportivo Alaves,Cadiz,1,1,0,W,2023-24
Deportivo Alaves vs Celta Vigo,Celta Vigo,Deportivo Alaves,0,0,3,L,2023-24
Deportivo Alaves vs Celta Vigo,Deportivo Alaves,Celta Vigo,1,3,0,W,2023-24
Deportivo Alaves vs Getafe,Deportivo Alaves,Getafe,1,1,0,W,2023-24
Deportivo Alaves vs Getafe,Getafe,Deportivo Alaves,0,0,1,L,2023-24
Deportivo Alaves vs Girona,Deportivo Alaves,Girona,1,2,2,D,2023-24
Deportivo Alaves vs Girona,Girona,Deportivo Alaves,0,2,2,D,2023-24
Deportivo Alaves vs Granada,Deportivo Alaves,Granada,1,3,1,W,2023-24
Deportivo Alaves vs Granada,Granada,Deportivo Alaves,0,1,3,L,2023-24
Deportivo Alaves vs Las Palmas,Deportivo Alaves,Las Palmas,1,0,1,L,2023-24
Deportivo Alaves vs Las Palmas,Las Palmas,Deportivo Alaves,0,1,0,W,2023-24
Deportivo Alaves vs Mallorca,Deportivo Alaves,Mallorca,1,1,1,D,2023-24
Deportivo Alaves vs Mallorca,Mallorca,Deportivo Alaves,0,1,1,D,2023-24
Deportivo Alaves vs Osasuna,Deportivo Alaves,Osasuna,1,0,2,L,2023-24
Deportivo Alaves vs Osasuna,Osasuna,Deportivo Alaves,0,2,0,W,2023-24
Deportivo Alaves vs Rayo Vallecano,Deportivo Alaves,Rayo Vallecano,1,1,0,W,2023-24
Deportivo Alaves vs Rayo Vallecano,Rayo Vallecano,Deportivo Alaves,0,0,1,L,2023-24
Deportivo Alaves vs Real Betis,Deportivo Alaves,Real Betis,1,1,1,D,2023-24
Deportivo Alaves vs Real Betis,Real Betis,Deportivo Alaves,0,1,1,D,2023-24
Deportivo Alaves vs Real Madrid,Deportivo Alaves,Real Madrid,1,0,1,L,2023-24
Deportivo Alaves vs Real Madrid,Real Madrid,Deportivo Alaves,0,1,0,W,2023-24
Deportivo Alaves vs Real Sociedad,Deportivo Alaves,Real Sociedad,1,0,1,L,2023-24
Deportivo Alaves vs Real Sociedad,Real Sociedad,Deportivo Alaves,0,1,0,W,2023-24
Deportivo Alaves vs Sevilla,Deportivo Alaves,Sevilla,1,4,3,W,2023-24
Deportivo Alaves vs Sevilla,Sevilla,Deportivo Alaves,0,3,4,L,2023-24
Deportivo Alaves vs Valencia,Deportivo Alaves,Valencia,1,1,0,W,2023-24
Deportivo Alaves vs Valencia,Valencia,Deportivo Alaves,0,0,1,L,2023-24
Deportivo Alaves vs Villarreal,Deportivo Alaves,Villarreal,1,1,1,D,2023-24
Deportivo Alaves vs Villarreal,Villarreal,Deportivo Alaves,0,1,1,D,2023-24
Getafe vs Almeria,Almeria,Getafe,0,1,2,L,2023-24
Getafe vs Almeria,Getafe,Almeria,1,2,1,W,2023-24
Getafe vs Athletic Club,Athletic Club,Getafe,0,2,0,W,2023-24
Getafe vs Athletic Club,Getafe,Athletic Club,1,0,2,L,2023-24
Getafe vs Atletico,Atletico,Getafe,0,3,0,W,2023-24
Getafe vs Atletico,Getafe,Atletico,1,0,3,L,2023-24
Getafe vs Barcelona,Barcelona,Getafe,0,0,0,D,2023-24
Getafe vs Barcelona,Getafe,Barcelona,1,0,0,D,2023-24
Getafe vs Cadiz,Cadiz,Getafe,0,0,1,L,2023-24
Getafe vs Cadiz,Getafe,Cadiz,1,1,0,W,2023-24
Getafe vs Celta Vigo,Celta Vigo,Getafe,0,2,3,L,2023-24
Getafe vs Celta Vigo,Getafe,Celta Vigo,1,3,2,W,2023-24
Getafe vs Deportivo Alaves,Deportivo Alaves,Getafe,0,0,1,L,2023-24
Getafe vs Deportivo Alaves,Getafe,Deportivo Alaves,1,1,0,W,2023-24
Getafe vs Girona,Getafe,Girona,1,1,0,W,2023-24
Getafe vs Girona,Girona,Getafe,0,0,1,L,2023-24
Getafe vs Granada,Getafe,Granada,1,2,0,W,2023-24
Getafe vs Granada,Granada,Getafe,0,0,2,L,2023-24
Getafe vs Las Palmas,Getafe,Las Palmas,1,3,3,D,2023-24
Getafe vs Las Palmas,Las Palmas,Getafe,0,3,3,D,2023-24
Getafe vs Mallorca,Getafe,Mallorca,1,1,2,L,2023-24
Getafe vs Mallorca,Mallorca,Getafe,0,2,1,W,2023-24
Getafe vs Osasuna,Getafe,Osasuna,1,3,2,W,2023-24
Getafe vs Osasuna,Osasuna,Getafe,0,2,3,L,2023-24
Getafe vs Rayo Vallecano,Getafe,Rayo Vallecano,1,0,2,L,2023-24
Getafe vs Rayo Vallecano,Rayo Vallecano,Getafe,0,2,0,W,2023-24
Getafe vs Real Betis,Getafe,Real Betis,1,1,1,D,2023-24
Getafe vs Real Betis,Real Betis,Getafe,0,1,1,D,2023-24
Getafe vs Real Madrid,Getafe,Real Madrid,1,0,2,L,2023-24
Getafe vs Real Madrid,Real Madrid,Getafe,0,2,0,W,2023-24
Getafe vs Real Sociedad,Getafe,Real Sociedad,1,1,1,D,2023-24
Getafe vs Real Sociedad,Real Sociedad,Getafe,0,1,1,D,2023-24
Getafe vs Sevilla,Getafe,Sevilla,1,0,1,L,2023-24
Getafe vs Sevilla,Sevilla,Getafe,0,1,0,W,2023-24
Getafe vs Valencia,Getafe,Valencia,1,1,0,W,2023-24
Getafe vs Valencia,Valencia,Getafe,0,0,1,L,2023-24
Getafe vs Villarreal,Getafe,Villarreal,1,0,0,D,2023-24
Getafe vs Villarreal,Villarreal,Getafe,0,0,0,D,2023-24
Girona vs Almeria,Almeria,Girona,0,2,5,L,2023-24
Girona vs Almeria,Girona,Almeria,1,5,2,W,2023-24
Girona vs Athletic Club,Athletic Club,Girona,0,1,1,D,2023-24
Girona vs Athletic Club,Girona,Athletic Club,1,1,1,D,2023-24
Girona vs Atletico,Atletico,Girona,0,3,4,L,2023-24
Girona vs Atletico,Girona,Atletico,1,4,3,W,2023-24
Girona vs Barcelona,Barcelona,Girona,0,2,4,L,2023-24
Girona vs Barcelona,Girona,Barcelona,1,4,2,W,2023-24
Girona vs Cadiz,Cadiz,Girona,0,1,4,L,2023-24
Girona vs Cadiz,Girona,Cadiz,1,4,1,W,2023-24
Girona vs Celta Vigo,Celta Vigo,Girona,0,0,1,L,2023-24
Girona vs Celta Vigo,Girona,Celta Vigo,1,1,0,W,2023-24
Girona vs Deportivo Alaves,Deportivo Alaves,Girona,0,0,3,L,2023-24
Girona vs Deportivo Alaves,Girona,Deportivo Alaves,1,3,0,W,2023-24
Girona vs Getafe,Getafe,Girona,0,0,3,L,2023-24
Girona vs Getafe,Girona,Getafe,1,3,0,W,2023-24
Girona vs Granada,Girona,Granada,1,7,0,W,2023-24
Girona vs Granada,Granada,Girona,0,0,7,L,2023-24
Girona vs Las Palmas,Girona,Las Palmas,1,1,0,W,2023-24
Girona vs Las Palmas,Las Palmas,Girona,0,0,1,L,2023-24
Girona vs Mallorca,Girona,Mallorca,1,5,3,W,2023-24
Girona vs Mallorca,Mallorca,Girona,0,3,5,L,2023-24
Girona vs Osasuna,Girona,Osasuna,1,2,0,W,2023-24
Girona vs Osasuna,Osasuna,Girona,0,0,2,L,2023-24
Girona vs Rayo Vallecano,Girona,Rayo Vallecano,1,3,0,W,2023-24
Girona vs Rayo Vallecano,Rayo Vallecano,Girona,0,0,3,L,2023-24
Girona vs Real Betis,Girona,Real Betis,1,3,2,W,2023-24
Girona vs Real Betis,Real Betis,Girona,0,2,3,L,2023-24
Girona vs Real Madrid,Girona,Real Madrid,1,0,3,L,2023-24
Girona vs Real Madrid,Real Madrid,Girona,0,3,0,W,2023-24
Girona vs Real Sociedad,Girona,Real Sociedad,1,0,0,D,2023-24
Girona vs Real Sociedad,Real Sociedad,Girona,0,0,0,D,2023-24
Girona vs Sevilla,Girona,Sevilla,1,5,1,W,2023-24
Girona vs Sevilla,Sevilla,Girona,0,1,5,L,2023-24
Girona vs Valencia,Girona,Valencia,1,2,1,W,2023-24
Girona vs Valencia,Valencia,Girona,0,1,2,L,2023-24
Girona vs Villarreal,Girona,Villarreal,1,0,1,L,2023-24
Girona vs Villarreal,Villarreal,Girona,0,1,0,W,2023-24
Granada vs Almeria,Almeria,Granada,0,1,1,D,2023-24
Granada vs Almeria,Granada,Almeria,1,1,1,D,2023-24
Granada vs Athletic Club,Athletic Club,Granada,0,1,1,D,2023-24
Granada vs Athletic Club,Granada,Athletic Club,1,1,1,D,2023-24
Granada vs Atletico,Atletico,Granada,0,1,0,W,2023-24
Granada vs Atletico,Granada,Atletico,1,0,1,L,2023-24
Granada vs Barcelona,Barcelona,Granada,0,2,2,D,2023-24
Granada vs Barcelona,Granada,Barcelona,1,2,2,D,2023-24
Granada vs Cadiz,Cadiz,Granada,0,0,2,L,2023-24
Granada vs Cadiz,Granada,Cadiz,1,2,0,W,2023-24
Granada vs Celta Vigo,Celta Vigo,Granada,0,2,1,W,2023-24
Granada vs Celta Vigo,Granada,Celta Vigo,1,1,2,L,2023-24
Granada vs Deportivo Alaves,Deportivo Alaves,Granada,0,0,2,L,2023-24
Granada vs Deportivo Alaves,Granada,Deportivo Alaves,1,2,0,W,2023-24
Granada vs Getafe,Getafe,Granada,0,1,1,D,2023-24
Granada vs Getafe,Granada,Getafe,1,1,1,D,2023-24
Granada vs Girona,Girona,Granada,0,4,2,W,2023-24
Granada vs Girona,Granada,Girona,1,2,4,L,2023-24
Granada vs Las Palmas,Granada,Las Palmas,1,1,1,D,2023-24
Granada vs Las Palmas,Las Palmas,Granada,0,1,1,D,2023-24
Granada vs Mallorca,Granada,Mallorca,1,3,2,W,2023-24
Granada vs Mallorca,Mallorca,Granada,0,2,3,L,2023-24
Granada vs Osasuna,Granada,Osasuna,1,3,0,W,2023-24
Granada vs Osasuna,Osasuna,Granada,0,0,3,L,2023-24
Granada vs Rayo Vallecano,Granada,Rayo Vallecano,1,0,2,L,2023-24
Granada vs Rayo Vallecano,Rayo Vallecano,Granada,0,2,0,W,2023-24
Granada vs Real Betis,Granada,Real Betis,1,1,1,D,2023-24
Granada vs Real Betis,Real Betis,Granada,0,1,1,D,2023-24
Granada vs Real Madrid,Granada,Real Madrid,1,0,4,L,2023-24
Granada vs Real Madrid,Real Madrid,Granada,0,4,0,W,2023-24
Granada vs Real Sociedad,Granada,Real Sociedad,1,2,3,L,2023-24
Granada vs Real Sociedad,Real Sociedad,Granada,0,3,2,W,2023-24
Granada vs Sevilla,Granada,Sevilla,1,0,3,L,2023-24
Granada vs Sevilla,Sevilla,Granada,0,3,0,W,2023-24
Granada vs Valencia,Granada,Valencia,1,0,1,L,2023-24
Granada vs Valencia,Valencia,Granada,0,1,0,W,2023-24
Granada vs Villarreal,Granada,Villarreal,1,2,3,L,2023-24
Granada vs Villarreal,Villarreal,Granada,0,3,2,W,2023-24
Las Palmas vs Almeria,Almeria,Las Palmas,0,1,0,W,2023-24
Las Palmas vs Almeria,Las Palmas,Almeria,1,0,1,L,2023-24
Las Palmas vs Athletic Club,Athletic Club,Las Palmas,0,2,0,W,2023-24
Las Palmas vs Athletic Club,Las Palmas,Athletic Club,1,0,2,L,2023-24
Las Palmas vs Atletico,Atletico,Las Palmas,0,1,2,L,2023-24
Las Palmas vs Atletico,Las Palmas,Atletico,1,2,1,W,2023-24
Las Palmas vs Barcelona,Barcelona,Las Palmas,0,2,1,W,2023-24
Las Palmas vs Barcelona,Las Palmas,Barcelona,1,1,2,L,2023-24
Las Palmas vs Cadiz,Cadiz,Las Palmas,0,1,1,D,2023-24
Las Palmas vs Cadiz,Las Palmas,Cadiz,1,1,1,D,2023-24
Las Palmas vs Celta Vigo,Celta Vigo,Las Palmas,0,1,2,L,2023-24
Las Palmas vs Celta Vigo,Las Palmas,Celta Vigo,1,2,1,W,2023-24
Las Palmas vs Deportivo Alaves,Deportivo Alaves,Las Palmas,0,1,1,D,2023-24
Las Palmas vs Deportivo Alaves,Las Palmas,Deportivo Alaves,1,1,1,D,2023-24
Las Palmas vs Getafe,Getafe,Las Palmas,0,0,2,L,2023-24
Las Palmas vs Getafe,Las Palmas,Getafe,1,2,0,W,2023-24
Las Palmas vs Girona,Girona,Las Palmas,0,2,0,W,2023-24
Las Palmas vs Girona,Las Palmas,Girona,1,0,2,L,2023-24
Las Palmas vs Granada,Granada,Las Palmas,0,0,1,L,2023-24
Las Palmas vs Granada,Las Palmas,Granada,1,1,0,W,2023-24
Las Palmas vs Mallorca,Las Palmas,Mallorca,1,1,1,D,2023-24
Las Palmas vs Mallorca,Mallorca,Las Palmas,0,1,1,D,2023-24
Las Palmas vs Osasuna,Las Palmas,Osasuna,1,1,1,D,2023-24
Las Palmas vs Osasuna,Osasuna,Las Palmas,0,1,1,D,2023-24
Las Palmas vs Rayo Vallecano,Las Palmas,Rayo Vallecano,1,0,1,L,2023-24
Las Palmas vs Rayo Vallecano,Rayo Vallecano,Las Palmas,0,1,0,W,2023-24
Las Palmas vs Real Betis,Las Palmas,Real Betis,1,2,2,D,2023-24
Las Palmas vs Real Betis,Real Betis,Las Palmas,0,2,2,D,2023-24
Las Palmas vs Real Madrid,Las Palmas,Real Madrid,1,1,2,L,2023-24
Las Palmas vs Real Madrid,Real Madrid,Las Palmas,0,2,1,W,2023-24
Las Palmas vs Real Sociedad,Las Palmas,Real Sociedad,1,0,0,D,2023-24
Las Palmas vs Real Sociedad,Real Sociedad,Las Palmas,0,0,0,D,2023-24
Las Palmas vs Sevilla,Las Palmas,Sevilla,1,0,2,L,2023-24
Las Palmas vs Sevilla,Sevilla,Las Palmas,0,2,0,W,2023-24
Las Palmas vs Valencia,Las Palmas,Valencia,1,2,0,W,2023-24
Las Palmas vs Valencia,Valencia,Las Palmas,0,0,2,L,2023-24
Las Palmas vs Villarreal,Las Palmas,Villarreal,1,3,0,W,2023-24
Las Palmas vs Villarreal,Villarreal,Las Palmas,0,0,3,L,2023-24
Mallorca vs Almeria,Almeria,Mallorca,0,2,2,D,2023-24
Mallorca vs Almeria,Mallorca,Almeria,1,2,2,D,2023-24
Mallorca vs Athletic Club,Mallorca,Athletic Club,1,0,0,D,2023-24
Mallorca vs Athletic Club,Athletic Club,Mallorca,0,0,0,D,2023-24
Mallorca vs Atletico,Atletico,Mallorca,0,1,0,W,2023-24
Mallorca vs Atletico,Mallorca,Atletico,1,0,1,L,2023-24
Mallorca vs Barcelona,Barcelona,Mallorca,0,2,2,D,2023-24
Mallorca vs Barcelona,Mallorca,Barcelona,1,2,2,D,2023-24
Mallorca vs Cadiz,Cadiz,Mallorca,0,1,1,D,2023-24
Mallorca vs Cadiz,Mallorca,Cadiz,1,1,1,D,2023-24
Mallorca vs Celta Vigo,Celta Vigo,Mallorca,0,1,1,D,2023-24
Mallorca vs Celta Vigo,Mallorca,Celta Vigo,1,1,1,D,2023-24
Mallorca vs Deportivo Alaves,Mallorca,Deportivo Alaves,1,0,0,D,2023-24
Mallorca vs Deportivo Alaves,Deportivo Alaves,Mallorca,0,0,0,D,2023-24
Mallorca vs Getafe,Getafe,Mallorca,0,0,0,D,2023-24
Mallorca vs Getafe,Mallorca,Getafe,1,0,0,D,2023-24
Mallorca vs Girona,Girona,Mallorca,0,0,1,L,2023-24
Mallorca vs Girona,Mallorca,Girona,1,1,0,W,2023-24
Mallorca vs Granada,Granada,Mallorca,0,0,1,L,2023-24
Mallorca vs Granada,Mallorca,Granada,1,1,0,W,2023-24
Mallorca vs Las Palmas,Las Palmas,Mallorca,0,0,1,L,2023-24
Mallorca vs Las Palmas,Mallorca,Las Palmas,1,1,0,W,2023-24
Mallorca vs Osasuna,Mallorca,Osasuna,1,3,2,W,2023-24
Mallorca vs Osasuna,Osasuna,Mallorca,0,2,3,L,2023-24
Mallorca vs Rayo Vallecano,Mallorca,Rayo Vallecano,1,2,1,W,2023-24
Mallorca vs Rayo Vallecano,Rayo Vallecano,Mallorca,0,1,2,L,2023-24
Mallorca vs Real Betis,Mallorca,Real Betis,1,0,1,L,2023-24
Mallorca vs Real Betis,Real Betis,Mallorca,0,1,0,W,2023-24
Mallorca vs Real Madrid,Mallorca,Real Madrid,1,0,1,L,2023-24
Mallorca vs Real Madrid,Real Madrid,Mallorca,0,1,0,W,2023-24
Mallorca vs Real Sociedad,Mallorca,Real Sociedad,1,1,2,L,2023-24
Mallorca vs Real Sociedad,Real Sociedad,Mallorca,0,2,1,W,2023-24
Mallorca vs Sevilla,Mallorca,Sevilla,1,1,0,W,2023-24
Mallorca vs Sevilla,Sevilla,Mallorca,0,0,1,L,2023-24
Mallorca vs Valencia,Mallorca,Valencia,1,1,1,D,2023-24
Mallorca vs Valencia,Valencia,Mallorca,0,1,1,D,2023-24
Mallorca vs Villarreal,Mallorca,Villarreal,1,0,1,L,2023-24
Mallorca vs Villarreal,Villarreal,Mallorca,0,1,0,W,2023-24
Osasuna vs Almeria,Almeria,Osasuna,0,0,1,L,2023-24
Osasuna vs Almeria,Osasuna,Almeria,1,1,0,W,2023-24
Osasuna vs Athletic Club,Athletic Club,Osasuna,0,2,0,W,2023-24
Osasuna vs Athletic Club,Osasuna,Athletic Club,1,0,2,L,2023-24
Osasuna vs Atletico,Atletico,Osasuna,0,2,0,W,2023-24
Osasuna vs Atletico,Osasuna,Atletico,1,0,2,L,2023-24
Osasuna vs Barcelona,Barcelona,Osasuna,0,2,1,W,2023-24
Osasuna vs Barcelona,Osasuna,Barcelona,1,1,2,L,2023-24
Osasuna vs Cadiz,Cadiz,Osasuna,0,0,2,L,2023-24
Osasuna vs Cadiz,Osasuna,Cadiz,1,2,0,W,2023-24
Osasuna vs Celta Vigo,Celta Vigo,Osasuna,0,3,0,W,2023-24
Osasuna vs Celta Vigo,Osasuna,Celta Vigo,1,0,3,L,2023-24
Osasuna vs Deportivo Alaves,Deportivo Alaves,Osasuna,0,0,1,L,2023-24
Osasuna vs Deportivo Alaves,Osasuna,Deportivo Alaves,1,1,0,W,2023-24
Osasuna vs Getafe,Getafe,Osasuna,0,2,3,L,2023-24
Osasuna vs Getafe,Osasuna,Getafe,1,3,2,W,2023-24
Osasuna vs Girona,Girona,Osasuna,0,4,2,W,2023-24
Osasuna vs Girona,Osasuna,Girona,1,2,4,L,2023-24
Osasuna vs Granada,Granada,Osasuna,0,0,2,L,2023-24
Osasuna vs Granada,Osasuna,Granada,1,2,0,W,2023-24
Osasuna vs Las Palmas,Las Palmas,Osasuna,0,1,1,D,2023-24
Osasuna vs Las Palmas,Osasuna,Las Palmas,1,1,1,D,2023-24
Osasuna vs Mallorca,Mallorca,Osasuna,0,1,1,D,2023-24
Osasuna vs Mallorca,Osasuna,Mallorca,1,1,1,D,2023-24
Osasuna vs Rayo Vallecano,Osasuna,Rayo Vallecano,1,1,0,W,2023-24
Osasuna vs Rayo Vallecano,Rayo Vallecano,Osasuna,0,0,1,L,2023-24
Osasuna vs Real Betis,Osasuna,Real Betis,1,0,2,L,2023-24
Osasuna vs Real Betis,Real Betis,Osasuna,0,2,0,W,2023-24
Osasuna vs Real Madrid,Osasuna,Real Madrid,1,2,4,L,2023-24
Osasuna vs Real Madrid,Real Madrid,Osasuna,0,4,2,W,2023-24
Osasuna vs Real Sociedad,Osasuna,Real Sociedad,1,1,1,D,2023-24
Osasuna vs Real Sociedad,Real Sociedad,Osasuna,0,1,1,D,2023-24
Osasuna vs Sevilla,Osasuna,Sevilla,1,0,0,D,2023-24
Osasuna vs Sevilla,Sevilla,Osasuna,0,0,0,D,2023-24
Osasuna vs Valencia,Osasuna,Valencia,1,0,1,L,2023-24
Osasuna vs Valencia,Valencia,Osasuna,0,1,0,W,2023-24
Osasuna vs Villarreal,Osasuna,Villarreal,1,1,1,D,2023-24
Osasuna vs Villarreal,Villarreal,Osasuna,0,1,1,D,2023-24
Rayo Vallecano vs Almeria,Almeria,Rayo Vallecano,0,1,0,W,2023-24
Rayo Vallecano vs Almeria,Rayo Vallecano,Almeria,1,0,1,L,2023-24
Rayo Vallecano vs Athletic Club,Athletic Club,Rayo Vallecano,0,1,0,W,2023-24
Rayo Vallecano vs Athletic Club,Rayo Vallecano,Athletic Club,1,0,1,L,2023-24
Rayo Vallecano vs Atletico,Atletico,Rayo Vallecano,0,7,0,W,2023-24
Rayo Vallecano vs Atletico,Rayo Vallecano,Atletico,1,0,7,L,2023-24
Rayo Vallecano vs Barcelona,Barcelona,Rayo Vallecano,0,1,1,D,2023-24
Rayo Vallecano vs Barcelona,Rayo Vallecano,Barcelona,1,1,1,D,2023-24
Rayo Vallecano vs Cadiz,Cadiz,Rayo Vallecano,0,1,1,D,2023-24
Rayo Vallecano vs Cadiz,Rayo Vallecano,Cadiz,1,1,1,D,2023-24
Rayo Vallecano vs Celta Vigo,Celta Vigo,Rayo Vallecano,0,0,0,D,2023-24
Rayo Vallecano vs Celta Vigo,Rayo Vallecano,Celta Vigo,1,0,0,D,2023-24
Rayo Vallecano vs Deportivo Alaves,Deportivo Alaves,Rayo Vallecano,0,0,2,L,2023-24
Rayo Vallecano vs Deportivo Alaves,Rayo Vallecano,Deportivo Alaves,1,2,0,W,2023-24
Rayo Vallecano vs Getafe,Rayo Vallecano,Getafe,1,0,0,D,2023-24
Rayo Vallecano vs Getafe,Getafe,Rayo Vallecano,0,0,0,D,2023-24
Rayo Vallecano vs Girona,Girona,Rayo Vallecano,0,2,1,W,2023-24
Rayo Vallecano vs Girona,Rayo Vallecano,Girona,1,1,2,L,2023-24
Rayo Vallecano vs Granada,Granada,Rayo Vallecano,0,1,2,L,2023-24
Rayo Vallecano vs Granada,Rayo Vallecano,Granada,1,2,1,W,2023-24
Rayo Vallecano vs Las Palmas,Las Palmas,Rayo Vallecano,0,2,0,W,2023-24
Rayo Vallecano vs Las Palmas,Rayo Vallecano,Las Palmas,1,0,2,L,2023-24
Rayo Vallecano vs Mallorca,Mallorca,Rayo Vallecano,0,2,2,D,2023-24
Rayo Vallecano vs Mallorca,Rayo Vallecano,Mallorca,1,2,2,D,2023-24
Rayo Vallecano vs Osasuna,Osasuna,Rayo Vallecano,0,1,2,L,2023-24
Rayo Vallecano vs Osasuna,Rayo Vallecano,Osasuna,1,2,1,W,2023-24
Rayo Vallecano vs Real Betis,Rayo Vallecano,Real Betis,1,2,0,W,2023-24
Rayo Vallecano vs Real Betis,Real Betis,Rayo Vallecano,0,0,2,L,2023-24
Rayo Vallecano vs Real Madrid,Rayo Vallecano,Real Madrid,1,1,1,D,2023-24
Rayo Vallecano vs Real Madrid,Real Madrid,Rayo Vallecano,0,1,1,D,2023-24
Rayo Vallecano vs Real Sociedad,Rayo Vallecano,Real Sociedad,1,2,2,D,2023-24
Rayo Vallecano vs Real Sociedad,Real Sociedad,Rayo Vallecano,0,2,2,D,2023-24
Rayo Vallecano vs Sevilla,Rayo Vallecano,Sevilla,1,1,2,L,2023-24
Rayo Vallecano vs Sevilla,Sevilla,Rayo Vallecano,0,2,1,W,2023-24
Rayo Vallecano vs Valencia,Rayo Vallecano,Valencia,1,0,1,L,2023-24
Rayo Vallecano vs Valencia,Valencia,Rayo Vallecano,0,1,0,W,2023-24
Rayo Vallecano vs Villarreal,Rayo Vallecano,Villarreal,1,1,1,D,2023-24
Rayo Vallecano vs Villarreal,Villarreal,Rayo Vallecano,0,1,1,D,2023-24
Real Betis vs Almeria,Almeria,Real Betis,0,2,3,L,2023-24
Real Betis vs Almeria,Real Betis,Almeria,1,3,2,W,2023-24
Real Betis vs Athletic Club,Athletic Club,Real Betis,0,1,3,L,2023-24
Real Betis vs Athletic Club,Real Betis,Athletic Club,1,3,1,W,2023-24
Real Betis vs Atletico,Atletico,Real Betis,0,0,0,D,2023-24
Real Betis vs Atletico,Real Betis,Atletico,1,0,0,D,2023-24
Real Betis vs Barcelona,Barcelona,Real Betis,0,4,2,W,2023-24
Real Betis vs Barcelona,Real Betis,Barcelona,1,2,4,L,2023-24
Real Betis vs Cadiz,Cadiz,Real Betis,0,1,1,D,2023-24
Real Betis vs Cadiz,Real Betis,Cadiz,1,1,1,D,2023-24
Real Betis vs Celta Vigo,Celta Vigo,Real Betis,0,1,2,L,2023-24
Real Betis vs Celta Vigo,Real Betis,Celta Vigo,1,2,1,W,2023-24
Real Betis vs Deportivo Alaves,Real Betis,Deportivo Alaves,1,0,0,D,2023-24
Real Betis vs Deportivo Alaves,Deportivo Alaves,Real Betis,0,0,0,D,2023-24
Real Betis vs Getafe,Getafe,Real Betis,0,1,1,D,2023-24
Real Betis vs Getafe,Real Betis,Getafe,1,1,1,D,2023-24
Real Betis vs Girona,Girona,Real Betis,0,1,1,D,2023-24
Real Betis vs Girona,Real Betis,Girona,1,1,1,D,2023-24
Real Betis vs Granada,Granada,Real Betis,0,0,1,L,2023-24
Real Betis vs Granada,Real Betis,Granada,1,1,0,W,2023-24
Real Betis vs Las Palmas,Las Palmas,Real Betis,0,0,1,L,2023-24
Real Betis vs Las Palmas,Real Betis,Las Palmas,1,1,0,W,2023-24
Real Betis vs Mallorca,Mallorca,Real Betis,0,0,2,L,2023-24
Real Betis vs Mallorca,Real Betis,Mallorca,1,2,0,W,2023-24
Real Betis vs Osasuna,Osasuna,Real Betis,0,1,2,L,2023-24
Real Betis vs Osasuna,Real Betis,Osasuna,1,2,1,W,2023-24
Real Betis vs Rayo Vallecano,Rayo Vallecano,Real Betis,0,0,1,L,2023-24
Real Betis vs Rayo Vallecano,Real Betis,Rayo Vallecano,1,1,0,W,2023-24
Real Betis vs Real Madrid,Real Betis,Real Madrid,1,1,1,D,2023-24
Real Betis vs Real Madrid,Real Madrid,Real Betis,0,1,1,D,2023-24
Real Betis vs Real Sociedad,Real Betis,Real Sociedad,1,0,2,L,2023-24
Real Betis vs Real Sociedad,Real Sociedad,Real Betis,0,2,0,W,2023-24
Real Betis vs Sevilla,Real Betis,Sevilla,1,1,1,D,2023-24
Real Betis vs Sevilla,Sevilla,Real Betis,0,1,1,D,2023-24
Real Betis vs Valencia,Real Betis,Valencia,1,3,0,W,2023-24
Real Betis vs Valencia,Valencia,Real Betis,0,0,3,L,2023-24
Real Betis vs Villarreal,Real Betis,Villarreal,1,2,3,L,2023-24
Real Betis vs Villarreal,Villarreal,Real Betis,0,3,2,W,2023-24
Real Madrid vs Almeria,Almeria,Real Madrid,0,2,3,L,2023-24
Real Madrid vs Almeria,Real Madrid,Almeria,1,3,2,W,2023-24
Real Madrid vs Athletic Club,Athletic Club,Real Madrid,0,0,2,L,2023-24
Real Madrid vs Athletic Club,Real Madrid,Athletic Club,1,2,0,W,2023-24
Real Madrid vs Atletico,Atletico,Real Madrid,0,1,1,D,2023-24
Real Madrid vs Atletico,Real Madrid,Atletico,1,1,1,D,2023-24
Real Madrid vs Barcelona,Barcelona,Real Madrid,0,2,3,L,2023-24
Real Madrid vs Barcelona,Real Madrid,Barcelona,1,3,2,W,2023-24
Real Madrid vs Cadiz,Cadiz,Real Madrid,0,0,3,L,2023-24
Real Madrid vs Cadiz,Real Madrid,Cadiz,1,3,0,W,2023-24
Real Madrid vs Celta Vigo,Celta Vigo,Real Madrid,0,0,4,L,2023-24
Real Madrid vs Celta Vigo,Real Madrid,Celta Vigo,1,4,0,W,2023-24
Real Madrid vs Deportivo Alaves,Deportivo Alaves,Real Madrid,0,0,5,L,2023-24
Real Madrid vs Deportivo Alaves,Real Madrid,Deportivo Alaves,1,5,0,W,2023-24
Real Madrid vs Getafe,Getafe,Real Madrid,0,1,2,L,2023-24
Real Madrid vs Getafe,Real Madrid,Getafe,1,2,1,W,2023-24
Real Madrid vs Girona,Girona,Real Madrid,0,0,4,L,2023-24
Real Madrid vs Girona,Real Madrid,Girona,1,4,0,W,2023-24
Real Madrid vs Granada,Granada,Real Madrid,0,0,2,L,2023-24
Real Madrid vs Granada,Real Madrid,Granada,1,2,0,W,2023-24
Real Madrid vs Las Palmas,Las Palmas,Real Madrid,0,0,2,L,2023-24
Real Madrid vs Las Palmas,Real Madrid,Las Palmas,1,2,0,W,2023-24
Real Madrid vs Mallorca,Mallorca,Real Madrid,0,0,1,L,2023-24
Real Madrid vs Mallorca,Real Madrid,Mallorca,1,1,0,W,2023-24
Real Madrid vs Osasuna,Osasuna,Real Madrid,0,0,4,L,2023-24
Real Madrid vs Osasuna,Real Madrid,Osasuna,1,4,0,W,2023-24
Real Madrid vs Rayo Vallecano,Rayo Vallecano,Real Madrid,0,0,0,D,2023-24
Real Madrid vs Rayo Vallecano,Real Madrid,Rayo Vallecano,1,0,0,D,2023-24
Real Madrid vs Real Betis,Real Madrid,Real Betis,1,0,0,D,2023-24
Real Madrid vs Real Betis,Real Betis,Real Madrid,0,0,0,D,2023-24
Real Madrid vs Real Sociedad,Real Madrid,Real Sociedad,1,2,1,W,2023-24
Real Madrid vs Real Sociedad,Real Sociedad,Real Madrid,0,1,2,L,2023-24
Real Madrid vs Sevilla,Real Madrid,Sevilla,1,1,0,W,2023-24
Real Madrid vs Sevilla,Sevilla,Real Madrid,0,0,1,L,2023-24
Real Madrid vs Valencia,Real Madrid,Valencia,1,5,1,W,2023-24
Real Madrid vs Valencia,Valencia,Real Madrid,0,1,5,L,2023-24
Real Madrid vs Villarreal,Real Madrid,Villarreal,1,4,1,W,2023-24
Real Madrid vs Villarreal,Villarreal,Real Madrid,0,1,4,L,2023-24
Real Sociedad vs Almeria,Almeria,Real Sociedad,0,2,2,D,2023-24
Real Sociedad vs Almeria,Real Sociedad,Almeria,1,2,2,D,2023-24
Real Sociedad vs Athletic Club,Athletic Club,Real Sociedad,0,0,3,L,2023-24
Real Sociedad vs Athletic Club,Real Sociedad,Athletic Club,1,3,0,W,2023-24
Real Sociedad vs Atletico,Atletico,Real Sociedad,0,2,0,W,2023-24
Real Sociedad vs Atletico,Real Sociedad,Atletico,1,0,2,L,2023-24
Real Sociedad vs Barcelona,Barcelona,Real Sociedad,0,1,0,W,2023-24
Real Sociedad vs Barcelona,Real Sociedad,Barcelona,1,0,1,L,2023-24
Real Sociedad vs Cadiz,Cadiz,Real Sociedad,0,0,2,L,2023-24
Real Sociedad vs Cadiz,Real Sociedad,Cadiz,1,2,0,W,2023-24
Real Sociedad vs Celta Vigo,Celta Vigo,Real Sociedad,0,1,1,D,2023-24
Real Sociedad vs Celta Vigo,Real Sociedad,Celta Vigo,1,1,1,D,2023-24
Real Sociedad vs Deportivo Alaves,Deportivo Alaves,Real Sociedad,0,1,1,D,2023-24
Real Sociedad vs Deportivo Alaves,Real Sociedad,Deportivo Alaves,1,1,1,D,2023-24
Real Sociedad vs Getafe,Getafe,Real Sociedad,0,3,4,L,2023-24
Real Sociedad vs Getafe,Real Sociedad,Getafe,1,4,3,W,2023-24
Real Sociedad vs Girona,Girona,Real Sociedad,0,1,1,D,2023-24
Real Sociedad vs Girona,Real Sociedad,Girona,1,1,1,D,2023-24
Real Sociedad vs Granada,Granada,Real Sociedad,0,3,5,L,2023-24
Real Sociedad vs Granada,Real Sociedad,Granada,1,5,3,W,2023-24
Real Sociedad vs Las Palmas,Las Palmas,Real Sociedad,0,0,2,L,2023-24
Real Sociedad vs Las Palmas,Real Sociedad,Las Palmas,1,2,0,W,2023-24
Real Sociedad vs Mallorca,Mallorca,Real Sociedad,0,0,1,L,2023-24
Real Sociedad vs Mallorca,Real Sociedad,Mallorca,1,1,0,W,2023-24
Real Sociedad vs Osasuna,Osasuna,Real Sociedad,0,1,0,W,2023-24
Real Sociedad vs Osasuna,Real Sociedad,Osasuna,1,0,1,L,2023-24
Real Sociedad vs Rayo Vallecano,Real Sociedad,Rayo Vallecano,1,0,0,D,2023-24
Real Sociedad vs Rayo Vallecano,Rayo Vallecano,Real Sociedad,0,0,0,D,2023-24
Real Sociedad vs Real Betis,Real Sociedad,Real Betis,1,0,0,D,2023-24
Real Sociedad vs Real Betis,Real Betis,Real Sociedad,0,0,0,D,2023-24
Real Sociedad vs Real Madrid,Real Madrid,Real Sociedad,0,1,0,W,2023-24
Real Sociedad vs Real Madrid,Real Sociedad,Real Madrid,1,0,1,L,2023-24
Real Sociedad vs Sevilla,Real Sociedad,Sevilla,1,2,1,W,2023-24
Real Sociedad vs Sevilla,Sevilla,Real Sociedad,0,1,2,L,2023-24
Real Sociedad vs Valencia,Real Sociedad,Valencia,1,1,0,W,2023-24
Real Sociedad vs Valencia,Valencia,Real Sociedad,0,0,1,L,2023-24
Real Sociedad vs Villarreal,Real Sociedad,Villarreal,1,1,3,L,2023-24
Real Sociedad vs Villarreal,Villarreal,Real Sociedad,0,3,1,W,2023-24
Sevilla vs Almeria,Almeria,Sevilla,0,1,5,L,2023-24
Sevilla vs Almeria,Sevilla,Almeria,1,5,1,W,2023-24
Sevilla vs Athletic Club,Athletic Club,Sevilla,0,2,0,W,2023-24
Sevilla vs Athletic Club,Sevilla,Athletic Club,1,0,2,L,2023-24
Sevilla vs Atletico,Atletico,Sevilla,0,0,1,L,2023-24
Sevilla vs Atletico,Sevilla,Atletico,1,1,0,W,2023-24
Sevilla vs Barcelona,Barcelona,Sevilla,0,2,1,W,2023-24
Sevilla vs Barcelona,Sevilla,Barcelona,1,1,2,L,2023-24
Sevilla vs Cadiz,Cadiz,Sevilla,0,1,0,W,2023-24
Sevilla vs Cadiz,Sevilla,Cadiz,1,0,1,L,2023-24
Sevilla vs Celta Vigo,Celta Vigo,Sevilla,0,2,1,W,2023-24
Sevilla vs Celta Vigo,Sevilla,Celta Vigo,1,1,2,L,2023-24
Sevilla vs Deportivo Alaves,Deportivo Alaves,Sevilla,0,3,2,W,2023-24
Sevilla vs Deportivo Alaves,Sevilla,Deportivo Alaves,1,2,3,L,2023-24
Sevilla vs Getafe,Getafe,Sevilla,0,3,0,W,2023-24
Sevilla vs Getafe,Sevilla,Getafe,1,0,3,L,2023-24
Sevilla vs Girona,Girona,Sevilla,0,2,1,W,2023-24
Sevilla vs Girona,Sevilla,Girona,1,1,2,L,2023-24
Sevilla vs Granada,Granada,Sevilla,0,0,3,L,2023-24
Sevilla vs Granada,Sevilla,Granada,1,3,0,W,2023-24
Sevilla vs Las Palmas,Las Palmas,Sevilla,0,0,1,L,2023-24
Sevilla vs Las Palmas,Sevilla,Las Palmas,1,1,0,W,2023-24
Sevilla vs Mallorca,Mallorca,Sevilla,0,1,2,L,2023-24
Sevilla vs Mallorca,Sevilla,Mallorca,1,2,1,W,2023-24
Sevilla vs Osasuna,Osasuna,Sevilla,0,1,1,D,2023-24
Sevilla vs Osasuna,Sevilla,Osasuna,1,1,1,D,2023-24
Sevilla vs Rayo Vallecano,Rayo Vallecano,Sevilla,0,2,2,D,2023-24
Sevilla vs Rayo Vallecano,Sevilla,Rayo Vallecano,1,2,2,D,2023-24
Sevilla vs Real Betis,Real Betis,Sevilla,0,1,1,D,2023-24
Sevilla vs Real Betis,Sevilla,Real Betis,1,1,1,D,2023-24
Sevilla vs Real Madrid,Real Madrid,Sevilla,0,1,1,D,2023-24
Sevilla vs Real Madrid,Sevilla,Real Madrid,1,1,1,D,2023-24
Sevilla vs Real Sociedad,Real Sociedad,Sevilla,0,2,3,L,2023-24
Sevilla vs Real Sociedad,Sevilla,Real Sociedad,1,3,2,W,2023-24
Sevilla vs Valencia,Sevilla,Valencia,1,1,2,L,2023-24
Sevilla vs Valencia,Valencia,Sevilla,0,2,1,W,2023-24
Sevilla vs Villarreal,Sevilla,Villarreal,1,1,1,D,2023-24
Sevilla vs Villarreal,Villarreal,Sevilla,0,1,1,D,2023-24
Valencia vs Almeria,Almeria,Valencia,0,1,2,L,2023-24
Valencia vs Almeria,Valencia,Almeria,1,2,1,W,2023-24
Valencia vs Athletic Club,Athletic Club,Valencia,0,0,1,L,2023-24
Valencia vs Athletic Club,Valencia,Athletic Club,1,1,0,W,2023-24
Valencia vs Atletico,Atletico,Valencia,0,0,3,L,2023-24
Valencia vs Atletico,Valencia,Atletico,1,3,0,W,2023-24
Valencia vs Barcelona,Barcelona,Valencia,0,1,1,D,2023-24
Valencia vs Barcelona,Valencia,Barcelona,1,1,1,D,2023-24
Valencia vs Cadiz,Cadiz,Valencia,0,0,2,L,2023-24
Valencia vs Cadiz,Valencia,Cadiz,1,2,0,W,2023-24
Valencia vs Celta Vigo,Celta Vigo,Valencia,0,0,0,D,2023-24
Valencia vs Celta Vigo,Valencia,Celta Vigo,1,0,0,D,2023-24
Valencia vs Deportivo Alaves,Deportivo Alaves,Valencia,0,1,0,W,2023-24
Valencia vs Deportivo Alaves,Valencia,Deportivo Alaves,1,0,1,L,2023-24
Valencia vs Getafe,Getafe,Valencia,0,0,1,L,2023-24
Valencia vs Getafe,Valencia,Getafe,1,1,0,W,2023-24
Valencia vs Girona,Girona,Valencia,0,3,1,W,2023-24
Valencia vs Girona,Valencia,Girona,1,1,3,L,2023-24
Valencia vs Granada,Granada,Valencia,0,0,1,L,2023-24
Valencia vs Granada,Valencia,Granada,1,1,0,W,2023-24
Valencia vs Las Palmas,Las Palmas,Valencia,0,0,1,L,2023-24
Valencia vs Las Palmas,Valencia,Las Palmas,1,1,0,W,2023-24
Valencia vs Mallorca,Valencia,Mallorca,1,0,0,D,2023-24
Valencia vs Mallorca,Mallorca,Valencia,0,0,0,D,2023-24
Valencia vs Osasuna,Osasuna,Valencia,0,2,1,W,2023-24
Valencia vs Osasuna,Valencia,Osasuna,1,1,2,L,2023-24
Valencia vs Rayo Vallecano,Rayo Vallecano,Valencia,0,0,0,D,2023-24
Valencia vs Rayo Vallecano,Valencia,Rayo Vallecano,1,0,0,D,2023-24
Valencia vs Real Betis,Real Betis,Valencia,0,2,1,W,2023-24
Valencia vs Real Betis,Valencia,Real Betis,1,1,2,L,2023-24
Valencia vs Real Madrid,Real Madrid,Valencia,0,2,2,D,2023-24
Valencia vs Real Madrid,Valencia,Real Madrid,1,2,2,D,2023-24
Valencia vs Real Sociedad,Real Sociedad,Valencia,0,1,0,W,2023-24
Valencia vs Real Sociedad,Valencia,Real Sociedad,1,0,1,L,2023-24
Valencia vs Sevilla,Valencia,Sevilla,1,0,0,D,2023-24
Valencia vs Sevilla,Sevilla,Valencia,0,0,0,D,2023-24
Valencia vs Villarreal,Valencia,Villarreal,1,3,1,W,2023-24
Valencia vs Villarreal,Villarreal,Valencia,0,1,3,L,2023-24
Villarreal vs Almeria,Almeria,Villarreal,0,1,2,L,2023-24
Villarreal vs Almeria,Villarreal,Almeria,1,2,1,W,2023-24
Villarreal vs Athletic Club,Athletic Club,Villarreal,0,3,2,W,2023-24
Villarreal vs Athletic Club,Villarreal,Athletic Club,1,2,3,L,2023-24
Villarreal vs Atletico,Atletico,Villarreal,0,2,1,W,2023-24
Villarreal vs Atletico,Villarreal,Atletico,1,1,2,L,2023-24
Villarreal vs Barcelona,Barcelona,Villarreal,0,4,3,W,2023-24
Villarreal vs Barcelona,Villarreal,Barcelona,1,3,4,L,2023-24
Villarreal vs Cadiz,Cadiz,Villarreal,0,0,0,D,2023-24
Villarreal vs Cadiz,Villarreal,Cadiz,1,0,0,D,2023-24
Villarreal vs Celta Vigo,Celta Vigo,Villarreal,0,2,3,L,2023-24
Villarreal vs Celta Vigo,Villarreal,Celta Vigo,1,3,2,W,2023-24
Villarreal vs Deportivo Alaves,Deportivo Alaves,Villarreal,0,1,1,D,2023-24
Villarreal vs Deportivo Alaves,Villarreal,Deportivo Alaves,1,1,1,D,2023-24
Villarreal vs Getafe,Getafe,Villarreal,0,1,1,D,2023-24
Villarreal vs Getafe,Villarreal,Getafe,1,1,1,D,2023-24
Villarreal vs Girona,Girona,Villarreal,0,2,1,W,2023-24
Villarreal vs Girona,Villarreal,Girona,1,1,2,L,2023-24
Villarreal vs Granada,Granada,Villarreal,0,1,5,L,2023-24
Villarreal vs Granada,Villarreal,Granada,1,5,1,W,2023-24
Villarreal vs Las Palmas,Las Palmas,Villarreal,0,2,1,W,2023-24
Villarreal vs Las Palmas,Villarreal,Las Palmas,1,1,2,L,2023-24
Villarreal vs Mallorca,Mallorca,Villarreal,0,1,1,D,2023-24
Villarreal vs Mallorca,Villarreal,Mallorca,1,1,1,D,2023-24
Villarreal vs Osasuna,Osasuna,Villarreal,0,1,3,L,2023-24
Villarreal vs Osasuna,Villarreal,Osasuna,1,3,1,W,2023-24
Villarreal vs Rayo Vallecano,Rayo Vallecano,Villarreal,0,0,3,L,2023-24
Villarreal vs Rayo Vallecano,Villarreal,Rayo Vallecano,1,3,0,W,2023-24
Villarreal vs Real Betis,Real Betis,Villarreal,0,2,1,W,2023-24
Villarreal vs Real Betis,Villarreal,Real Betis,1,1,2,L,2023-24
Villarreal vs Real Madrid,Real Madrid,Villarreal,0,4,4,D,2023-24
Villarreal vs Real Madrid,Villarreal,Real Madrid,1,4,4,D,2023-24
Villarreal vs Real Sociedad,Real Sociedad,Villarreal,0,3,0,W,2023-24
Villarreal vs Real Sociedad,Villarreal,Real Sociedad,1,0,3,L,2023-24
Villarreal vs Sevilla,Sevilla,Villarreal,0,2,3,L,2023-24
Villarreal vs Sevilla,Villarreal,Sevilla,1,3,2,W,2023-24
Villarreal vs Valencia,Valencia,Villarreal,0,0,1,L,2023-24
Villarreal vs Valencia,Villarreal,Valencia,1,1,0,W,2023-24
Athletic Club vs Atletico,Athletic Club,Atletico,1,0,1,L,2024-25
Athletic Club vs Atletico,Atletico,Athletic Club,0,1,0,W,2024-25
Athletic Club vs Barcelona,Athletic Club,Barcelona,1,0,3,L,2024-25
Athletic Club vs Barcelona,Barcelona,Athletic Club,0,3,0,W,2024-25
Athletic Club vs Celta Vigo,Athletic Club,Celta Vigo,1,3,1,W,2024-25
Athletic Club vs Celta Vigo,Celta Vigo,Athletic Club,0,1,3,L,2024-25
Athletic Club vs Deportivo Alaves,Athletic Club,Deportivo Alaves,1,1,0,W,2024-25
Athletic Club vs Deportivo Alaves,Deportivo Alaves,Athletic Club,0,0,1,L,2024-25
Athletic Club vs Espanyol,Athletic Club,Espanyol,1,4,1,W,2024-25
Athletic Club vs Espanyol,Espanyol,Athletic Club,0,1,4,L,2024-25
Athletic Club vs Getafe,Athletic Club,Getafe,1,1,1,D,2024-25
Athletic Club vs Getafe,Getafe,Athletic Club,0,1,1,D,2024-25
Athletic Club vs Girona,Athletic Club,Girona,1,3,0,W,2024-25
Athletic Club vs Girona,Girona,Athletic Club,0,0,3,L,2024-25
Athletic Club vs Las Palmas,Athletic Club,Las Palmas,1,1,0,W,2024-25
Athletic Club vs Las Palmas,Las Palmas,Athletic Club,0,0,1,L,2024-25
Athletic Club vs Leganes,Athletic Club,Leganes,1,0,0,D,2024-25
Athletic Club vs Leganes,Leganes,Athletic Club,0,0,0,D,2024-25
Athletic Club vs Mallorca,Athletic Club,Mallorca,1,1,1,D,2024-25
Athletic Club vs Mallorca,Mallorca,Athletic Club,0,1,1,D,2024-25
Athletic Club vs Osasuna,Athletic Club,Osasuna,1,0,0,D,2024-25
Athletic Club vs Osasuna,Osasuna,Athletic Club,0,0,0,D,2024-25
Athletic Club vs Rayo Vallecano,Athletic Club,Rayo Vallecano,1,3,1,W,2024-25
Athletic Club vs Rayo Vallecano,Rayo Vallecano,Athletic Club,0,1,3,L,2024-25
Athletic Club vs Real Betis,Athletic Club,Real Betis,1,1,1,D,2024-25
Athletic Club vs Real Betis,Real Betis,Athletic Club,0,1,1,D,2024-25
Athletic Club vs Real Madrid,Athletic Club,Real Madrid,1,2,1,W,2024-25
Athletic Club vs Real Madrid,Real Madrid,Athletic Club,0,1,2,L,2024-25
Athletic Club vs Real Sociedad,Athletic Club,Real Sociedad,1,1,0,W,2024-25
Athletic Club vs Real Sociedad,Real Sociedad,Athletic Club,0,0,1,L,2024-25
Athletic Club vs Real Valladolid,Athletic Club,Real Valladolid,1,7,1,W,2024-25
Athletic Club vs Real Valladolid,Real Valladolid,Athletic Club,0,1,7,L,2024-25
Athletic Club vs Sevilla,Athletic Club,Sevilla,1,1,1,D,2024-25
Athletic Club vs Sevilla,Sevilla,Athletic Club,0,1,1,D,2024-25
Athletic Club vs Valencia,Athletic Club,Valencia,1,1,0,W,2024-25
Athletic Club vs Valencia,Valencia,Athletic Club,0,0,1,L,2024-25
Athletic Club vs Villarreal,Athletic Club,Villarreal,1,2,0,W,2024-25
Athletic Club vs Villarreal,Villarreal,Athletic Club,0,0,2,L,2024-25
Atletico vs Athletic Club,Athletic Club,Atletico,0,0,1,L,2024-25
Atletico vs Athletic Club,Atletico,Athletic Club,1,1,0,W,2024-25
Atletico vs Barcelona,Atletico,Barcelona,1,2,4,L,2024-25
Atletico vs Barcelona,Barcelona,Atletico,0,4,2,W,2024-25
Atletico vs Celta Vigo,Atletico,Celta Vigo,1,1,1,D,2024-25
Atletico vs Celta Vigo,Celta Vigo,Atletico,0,1,1,D,2024-25
Atletico vs Deportivo Alaves,Atletico,Deportivo Alaves,1,2,1,W,2024-25
Atletico vs Deportivo Alaves,Deportivo Alaves,Atletico,0,1,2,L,2024-25
Atletico vs Espanyol,Atletico,Espanyol,1,0,0,D,2024-25
Atletico vs Espanyol,Espanyol,Atletico,0,0,0,D,2024-25
Atletico vs Getafe,Atletico,Getafe,1,1,0,W,2024-25
Atletico vs Getafe,Getafe,Atletico,0,0,1,L,2024-25
Atletico vs Girona,Atletico,Girona,1,3,0,W,2024-25
Atletico vs Girona,Girona,Atletico,0,0,3,L,2024-25
Atletico vs Las Palmas,Atletico,Las Palmas,1,2,0,W,2024-25
Atletico vs Las Palmas,Las Palmas,Atletico,0,0,2,L,2024-25
Atletico vs Leganes,Atletico,Leganes,1,3,1,W,2024-25
Atletico vs Leganes,Leganes,Atletico,0,1,3,L,2024-25
Atletico vs Mallorca,Atletico,Mallorca,1,2,0,W,2024-25
Atletico vs Mallorca,Mallorca,Atletico,0,0,2,L,2024-25
Atletico vs Osasuna,Atletico,Osasuna,1,1,0,W,2024-25
Atletico vs Osasuna,Osasuna,Atletico,0,0,1,L,2024-25
Atletico vs Rayo Vallecano,Atletico,Rayo Vallecano,1,3,0,W,2024-25
Atletico vs Rayo Vallecano,Rayo Vallecano,Atletico,0,0,3,L,2024-25
Atletico vs Real Betis,Atletico,Real Betis,1,4,1,W,2024-25
Atletico vs Real Betis,Real Betis,Atletico,0,1,4,L,2024-25
Atletico vs Real Madrid,Atletico,Real Madrid,1,1,1,D,2024-25
Atletico vs Real Madrid,Real Madrid,Atletico,0,1,1,D,2024-25
Atletico vs Real Sociedad,Atletico,Real Sociedad,1,4,0,W,2024-25
Atletico vs Real Sociedad,Real Sociedad,Atletico,0,0,4,L,2024-25
Atletico vs Real Valladolid,Atletico,Real Valladolid,1,4,2,W,2024-25
Atletico vs Real Valladolid,Real Valladolid,Atletico,0,2,4,L,2024-25
Atletico vs Sevilla,Atletico,Sevilla,1,4,3,W,2024-25
Atletico vs Sevilla,Sevilla,Atletico,0,3,4,L,2024-25
Atletico vs Valencia,Atletico,Valencia,1,3,0,W,2024-25
Atletico vs Valencia,Valencia,Atletico,0,0,3,L,2024-25
Atletico vs Villarreal,Atletico,Villarreal,1,1,1,D,2024-25
Atletico vs Villarreal,Villarreal,Atletico,0,1,1,D,2024-25
Barcelona vs Athletic Club,Athletic Club,Barcelona,0,1,2,L,2024-25
Barcelona vs Athletic Club,Barcelona,Athletic Club,1,2,1,W,2024-25
Barcelona vs Atletico,Atletico,Barcelona,0,2,1,W,2024-25
Barcelona vs Atletico,Barcelona,Atletico,1,1,2,L,2024-25
Barcelona vs Celta Vigo,Barcelona,Celta Vigo,1,4,3,W,2024-25
Barcelona vs Celta Vigo,Celta Vigo,Barcelona,0,3,4,L,2024-25
Barcelona vs Deportivo Alaves,Barcelona,Deportivo Alaves,1,1,0,W,2024-25
Barcelona vs Deportivo Alaves,Deportivo Alaves,Barcelona,0,0,1,L,2024-25
Barcelona vs Espanyol,Barcelona,Espanyol,1,3,1,W,2024-25
Barcelona vs Espanyol,Espanyol,Barcelona,0,1,3,L,2024-25
Barcelona vs Getafe,Barcelona,Getafe,1,1,0,W,2024-25
Barcelona vs Getafe,Getafe,Barcelona,0,0,1,L,2024-25
Barcelona vs Girona,Barcelona,Girona,1,4,1,W,2024-25
Barcelona vs Girona,Girona,Barcelona,0,1,4,L,2024-25
Barcelona vs Las Palmas,Barcelona,Las Palmas,1,1,2,L,2024-25
Barcelona vs Las Palmas,Las Palmas,Barcelona,0,2,1,W,2024-25
Barcelona vs Leganes,Barcelona,Leganes,1,0,1,L,2024-25
Barcelona vs Leganes,Leganes,Barcelona,0,1,0,W,2024-25
Barcelona vs Mallorca,Barcelona,Mallorca,1,1,0,W,2024-25
Barcelona vs Mallorca,Mallorca,Barcelona,0,0,1,L,2024-25
Barcelona vs Osasuna,Barcelona,Osasuna,1,3,0,W,2024-25
Barcelona vs Osasuna,Osasuna,Barcelona,0,0,3,L,2024-25
Barcelona vs Rayo Vallecano,Barcelona,Rayo Vallecano,1,1,0,W,2024-25
Barcelona vs Rayo Vallecano,Rayo Vallecano,Barcelona,0,0,1,L,2024-25
Barcelona vs Real Betis,Barcelona,Real Betis,1,1,1,D,2024-25
Barcelona vs Real Betis,Real Betis,Barcelona,0,1,1,D,2024-25
Barcelona vs Real Madrid,Barcelona,Real Madrid,1,4,3,W,2024-25
Barcelona vs Real Madrid,Real Madrid,Barcelona,0,3,4,L,2024-25
Barcelona vs Real Sociedad,Barcelona,Real Sociedad,1,4,0,W,2024-25
Barcelona vs Real Sociedad,Real Sociedad,Barcelona,0,0,4,L,2024-25
Barcelona vs Real Valladolid,Barcelona,Real Valladolid,1,7,0,W,2024-25
Barcelona vs Real Valladolid,Real Valladolid,Barcelona,0,0,7,L,2024-25
Barcelona vs Sevilla,Barcelona,Sevilla,1,5,1,W,2024-25
Barcelona vs Sevilla,Sevilla,Barcelona,0,1,5,L,2024-25
Barcelona vs Valencia,Barcelona,Valencia,1,7,1,W,2024-25
Barcelona vs Valencia,Valencia,Barcelona,0,1,7,L,2024-25
Barcelona vs Villarreal,Barcelona,Villarreal,1,2,3,L,2024-25
Barcelona vs Villarreal,Villarreal,Barcelona,0,3,2,W,2024-25
Celta Vigo vs Athletic Club,Athletic Club,Celta Vigo,0,2,1,W,2024-25
Celta Vigo vs Athletic Club,Celta Vigo,Athletic Club,1,1,2,L,2024-25
Celta Vigo vs Atletico,Atletico,Celta Vigo,0,1,0,W,2024-25
Celta Vigo vs Atletico,Celta Vigo,Atletico,1,0,1,L,2024-25
Celta Vigo vs Barcelona,Barcelona,Celta Vigo,0,2,2,D,2024-25
Celta Vigo vs Barcelona,Celta Vigo,Barcelona,1,2,2,D,2024-25
Celta Vigo vs Deportivo Alaves,Celta Vigo,Deportivo Alaves,1,2,1,W,2024-25
Celta Vigo vs Deportivo Alaves,Deportivo Alaves,Celta Vigo,0,1,2,L,2024-25
Celta Vigo vs Espanyol,Celta Vigo,Espanyol,1,0,2,L,2024-25
Celta Vigo vs Espanyol,Espanyol,Celta Vigo,0,2,0,W,2024-25
Celta Vigo vs Getafe,Celta Vigo,Getafe,1,1,0,W,2024-25
Celta Vigo vs Getafe,Getafe,Celta Vigo,0,0,1,L,2024-25
Celta Vigo vs Girona,Celta Vigo,Girona,1,1,1,D,2024-25
Celta Vigo vs Girona,Girona,Celta Vigo,0,1,1,D,2024-25
Celta Vigo vs Las Palmas,Celta Vigo,Las Palmas,1,1,1,D,2024-25
Celta Vigo vs Las Palmas,Las Palmas,Celta Vigo,0,1,1,D,2024-25
Celta Vigo vs Leganes,Celta Vigo,Leganes,1,2,1,W,2024-25
Celta Vigo vs Leganes,Leganes,Celta Vigo,0,1,2,L,2024-25
Celta Vigo vs Mallorca,Celta Vigo,Mallorca,1,2,0,W,2024-25
Celta Vigo vs Mallorca,Mallorca,Celta Vigo,0,0,2,L,2024-25
Celta Vigo vs Osasuna,Celta Vigo,Osasuna,1,1,0,W,2024-25
Celta Vigo vs Osasuna,Osasuna,Celta Vigo,0,0,1,L,2024-25
Celta Vigo vs Rayo Vallecano,Celta Vigo,Rayo Vallecano,1,1,2,L,2024-25
Celta Vigo vs Rayo Vallecano,Rayo Vallecano,Celta Vigo,0,2,1,W,2024-25
Celta Vigo vs Real Betis,Celta Vigo,Real Betis,1,3,2,W,2024-25
Celta Vigo vs Real Betis,Real Betis,Celta Vigo,0,2,3,L,2024-25
Celta Vigo vs Real Madrid,Celta Vigo,Real Madrid,1,1,2,L,2024-25
Celta Vigo vs Real Madrid,Real Madrid,Celta Vigo,0,2,1,W,2024-25
Celta Vigo vs Real Sociedad,Celta Vigo,Real Sociedad,1,2,0,W,2024-25
Celta Vigo vs Real Sociedad,Real Sociedad,Celta Vigo,0,0,2,L,2024-25
Celta Vigo vs Real Valladolid,Celta Vigo,Real Valladolid,1,3,1,W,2024-25
Celta Vigo vs Real Valladolid,Real Valladolid,Celta Vigo,0,1,3,L,2024-25
Celta Vigo vs Sevilla,Celta Vigo,Sevilla,1,3,2,W,2024-25
Celta Vigo vs Sevilla,Sevilla,Celta Vigo,0,2,3,L,2024-25
Celta Vigo vs Valencia,Celta Vigo,Valencia,1,3,1,W,2024-25
Celta Vigo vs Valencia,Valencia,Celta Vigo,0,1,3,L,2024-25
Celta Vigo vs Villarreal,Celta Vigo,Villarreal,1,3,0,W,2024-25
Celta Vigo vs Villarreal,Villarreal,Celta Vigo,0,0,3,L,2024-25
Deportivo Alaves vs Athletic Club,Athletic Club,Deportivo Alaves,0,1,1,D,2024-25
Deportivo Alaves vs Athletic Club,Deportivo Alaves,Athletic Club,1,1,1,D,2024-25
Deportivo Alaves vs Atletico,Deportivo Alaves,Atletico,1,0,0,D,2024-25
Deportivo Alaves vs Atletico,Atletico,Deportivo Alaves,0,0,0,D,2024-25
Deportivo Alaves vs Barcelona,Barcelona,Deportivo Alaves,0,3,0,W,2024-25
Deportivo Alaves vs Barcelona,Deportivo Alaves,Barcelona,1,0,3,L,2024-25
Deportivo Alaves vs Celta Vigo,Celta Vigo,Deportivo Alaves,0,1,1,D,2024-25
Deportivo Alaves vs Celta Vigo,Deportivo Alaves,Celta Vigo,1,1,1,D,2024-25
Deportivo Alaves vs Espanyol,Deportivo Alaves,Espanyol,1,0,1,L,2024-25
Deportivo Alaves vs Espanyol,Espanyol,Deportivo Alaves,0,1,0,W,2024-25
Deportivo Alaves vs Getafe,Deportivo Alaves,Getafe,1,0,1,L,2024-25
Deportivo Alaves vs Getafe,Getafe,Deportivo Alaves,0,1,0,W,2024-25
Deportivo Alaves vs Girona,Deportivo Alaves,Girona,1,0,1,L,2024-25
Deportivo Alaves vs Girona,Girona,Deportivo Alaves,0,1,0,W,2024-25
Deportivo Alaves vs Las Palmas,Deportivo Alaves,Las Palmas,1,2,0,W,2024-25
Deportivo Alaves vs Las Palmas,Las Palmas,Deportivo Alaves,0,0,2,L,2024-25
Deportivo Alaves vs Leganes,Deportivo Alaves,Leganes,1,1,1,D,2024-25
Deportivo Alaves vs Leganes,Leganes,Deportivo Alaves,0,1,1,D,2024-25
Deportivo Alaves vs Mallorca,Deportivo Alaves,Mallorca,1,1,0,W,2024-25
Deportivo Alaves vs Mallorca,Mallorca,Deportivo Alaves,0,0,1,L,2024-25
Deportivo Alaves vs Osasuna,Deportivo Alaves,Osasuna,1,1,1,D,2024-25
Deportivo Alaves vs Osasuna,Osasuna,Deportivo Alaves,0,1,1,D,2024-25
Deportivo Alaves vs Rayo Vallecano,Deportivo Alaves,Rayo Vallecano,1,0,2,L,2024-25
Deportivo Alaves vs Rayo Vallecano,Rayo Vallecano,Deportivo Alaves,0,2,0,W,2024-25
Deportivo Alaves vs Real Betis,Deportivo Alaves,Real Betis,1,0,0,D,2024-25
Deportivo Alaves vs Real Betis,Real Betis,Deportivo Alaves,0,0,0,D,2024-25
Deportivo Alaves vs Real Madrid,Deportivo Alaves,Real Madrid,1,0,1,L,2024-25
Deportivo Alaves vs Real Madrid,Real Madrid,Deportivo Alaves,0,1,0,W,2024-25
Deportivo Alaves vs Real Sociedad,Deportivo Alaves,Real Sociedad,1,1,0,W,2024-25
Deportivo Alaves vs Real Sociedad,Real Sociedad,Deportivo Alaves,0,0,1,L,2024-25
Deportivo Alaves vs Real Valladolid,Deportivo Alaves,Real Valladolid,1,2,3,L,2024-25
Deportivo Alaves vs Real Valladolid,Real Valladolid,Deportivo Alaves,0,3,2,W,2024-25
Deportivo Alaves vs Sevilla,Deportivo Alaves,Sevilla,1,2,1,W,2024-25
Deportivo Alaves vs Sevilla,Sevilla,Deportivo Alaves,0,1,2,L,2024-25
Deportivo Alaves vs Valencia,Deportivo Alaves,Valencia,1,1,0,W,2024-25
Deportivo Alaves vs Valencia,Valencia,Deportivo Alaves,0,0,1,L,2024-25
Deportivo Alaves vs Villarreal,Deportivo Alaves,Villarreal,1,1,0,W,2024-25
Deportivo Alaves vs Villarreal,Villarreal,Deportivo Alaves,0,0,1,L,2024-25
Espanyol vs Athletic Club,Athletic Club,Espanyol,0,1,1,D,2024-25
Espanyol vs Athletic Club,Espanyol,Athletic Club,1,1,1,D,2024-25
Espanyol vs Atletico,Atletico,Espanyol,0,1,1,D,2024-25
Espanyol vs Atletico,Espanyol,Atletico,1,1,1,D,2024-25
Espanyol vs Barcelona,Barcelona,Espanyol,0,2,0,W,2024-25
Espanyol vs Barcelona,Espanyol,Barcelona,1,0,2,L,2024-25
Espanyol vs Celta Vigo,Celta Vigo,Espanyol,0,1,3,L,2024-25
Espanyol vs Celta Vigo,Espanyol,Celta Vigo,1,3,1,W,2024-25
Espanyol vs Deportivo Alaves,Deportivo Alaves,Espanyol,0,2,3,L,2024-25
Espanyol vs Deportivo Alaves,Espanyol,Deportivo Alaves,1,3,2,W,2024-25
Espanyol vs Getafe,Espanyol,Getafe,1,1,0,W,2024-25
Espanyol vs Getafe,Getafe,Espanyol,0,0,1,L,2024-25
Espanyol vs Girona,Espanyol,Girona,1,1,1,D,2024-25
Espanyol vs Girona,Girona,Espanyol,0,1,1,D,2024-25
Espanyol vs Las Palmas,Espanyol,Las Palmas,1,2,0,W,2024-25
Espanyol vs Las Palmas,Las Palmas,Espanyol,0,0,2,L,2024-25
Espanyol vs Leganes,Espanyol,Leganes,1,1,1,D,2024-25
Espanyol vs Leganes,Leganes,Espanyol,0,1,1,D,2024-25
Espanyol vs Mallorca,Espanyol,Mallorca,1,2,1,W,2024-25
Espanyol vs Mallorca,Mallorca,Espanyol,0,1,2,L,2024-25
Espanyol vs Osasuna,Osasuna,Espanyol,0,0,0,D,2024-25
Espanyol vs Osasuna,Espanyol,Osasuna,1,0,0,D,2024-25
Espanyol vs Rayo Vallecano,Espanyol,Rayo Vallecano,1,2,1,W,2024-25
Espanyol vs Rayo Vallecano,Rayo Vallecano,Espanyol,0,1,2,L,2024-25
Espanyol vs Real Betis,Espanyol,Real Betis,1,1,2,L,2024-25
Espanyol vs Real Betis,Real Betis,Espanyol,0,2,1,W,2024-25
Espanyol vs Real Madrid,Espanyol,Real Madrid,1,1,0,W,2024-25
Espanyol vs Real Madrid,Real Madrid,Espanyol,0,0,1,L,2024-25
Espanyol vs Real Sociedad,Espanyol,Real Sociedad,1,0,1,L,2024-25
Espanyol vs Real Sociedad,Real Sociedad,Espanyol,0,1,0,W,2024-25
Espanyol vs Real Valladolid,Espanyol,Real Valladolid,1,2,1,W,2024-25
Espanyol vs Real Valladolid,Real Valladolid,Espanyol,0,1,2,L,2024-25
Espanyol vs Sevilla,Espanyol,Sevilla,1,0,2,L,2024-25
Espanyol vs Sevilla,Sevilla,Espanyol,0,2,0,W,2024-25
Espanyol vs Valencia,Espanyol,Valencia,1,1,1,D,2024-25
Espanyol vs Valencia,Valencia,Espanyol,0,1,1,D,2024-25
Espanyol vs Villarreal,Espanyol,Villarreal,1,1,2,L,2024-25
Espanyol vs Villarreal,Villarreal,Espanyol,0,2,1,W,2024-25
Getafe vs Athletic Club,Athletic Club,Getafe,0,2,0,W,2024-25
Getafe vs Athletic Club,Getafe,Athletic Club,1,0,2,L,2024-25
Getafe vs Atletico,Atletico,Getafe,0,1,2,L,2024-25
Getafe vs Atletico,Getafe,Atletico,1,2,1,W,2024-25
Getafe vs Barcelona,Barcelona,Getafe,0,1,1,D,2024-25
Getafe vs Barcelona,Getafe,Barcelona,1,1,1,D,2024-25
Getafe vs Celta Vigo,Celta Vigo,Getafe,0,2,1,W,2024-25
Getafe vs Celta Vigo,Getafe,Celta Vigo,1,1,2,L,2024-25
Getafe vs Deportivo Alaves,Deportivo Alaves,Getafe,0,0,2,L,2024-25
Getafe vs Deportivo Alaves,Getafe,Deportivo Alaves,1,2,0,W,2024-25
Getafe vs Espanyol,Espanyol,Getafe,0,0,1,L,2024-25
Getafe vs Espanyol,Getafe,Espanyol,1,1,0,W,2024-25
Getafe vs Girona,Getafe,Girona,1,0,1,L,2024-25
Getafe vs Girona,Girona,Getafe,0,1,0,W,2024-25
Getafe vs Las Palmas,Getafe,Las Palmas,1,1,3,L,2024-25
Getafe vs Las Palmas,Las Palmas,Getafe,0,3,1,W,2024-25
Getafe vs Leganes,Getafe,Leganes,1,1,1,D,2024-25
Getafe vs Leganes,Leganes,Getafe,0,1,1,D,2024-25
Getafe vs Mallorca,Getafe,Mallorca,1,0,1,L,2024-25
Getafe vs Mallorca,Mallorca,Getafe,0,1,0,W,2024-25
Getafe vs Osasuna,Getafe,Osasuna,1,1,1,D,2024-25
Getafe vs Osasuna,Osasuna,Getafe,0,1,1,D,2024-25
Getafe vs Rayo Vallecano,Getafe,Rayo Vallecano,1,0,0,D,2024-25
Getafe vs Rayo Vallecano,Rayo Vallecano,Getafe,0,0,0,D,2024-25
Getafe vs Real Betis,Getafe,Real Betis,1,1,2,L,2024-25
Getafe vs Real Betis,Real Betis,Getafe,0,2,1,W,2024-25
Getafe vs Real Madrid,Getafe,Real Madrid,1,0,1,L,2024-25
Getafe vs Real Madrid,Real Madrid,Getafe,0,1,0,W,2024-25
Getafe vs Real Sociedad,Getafe,Real Sociedad,1,0,0,D,2024-25
Getafe vs Real Sociedad,Real Sociedad,Getafe,0,0,0,D,2024-25
Getafe vs Real Valladolid,Getafe,Real Valladolid,1,2,0,W,2024-25
Getafe vs Real Valladolid,Real Valladolid,Getafe,0,0,2,L,2024-25
Getafe vs Sevilla,Getafe,Sevilla,1,0,0,D,2024-25
Getafe vs Sevilla,Sevilla,Getafe,0,0,0,D,2024-25
Getafe vs Valencia,Getafe,Valencia,1,1,1,D,2024-25
Getafe vs Valencia,Valencia,Getafe,0,1,1,D,2024-25
Getafe vs Villarreal,Getafe,Villarreal,1,1,2,L,2024-25
Getafe vs Villarreal,Villarreal,Getafe,0,2,1,W,2024-25
Girona vs Athletic Club,Athletic Club,Girona,0,1,2,L,2024-25
Girona vs Athletic Club,Girona,Athletic Club,1,2,1,W,2024-25
Girona vs Atletico,Atletico,Girona,0,4,0,W,2024-25
Girona vs Atletico,Girona,Atletico,1,0,4,L,2024-25
Girona vs Barcelona,Barcelona,Girona,0,4,1,W,2024-25
Girona vs Barcelona,Girona,Barcelona,1,1,4,L,2024-25
Girona vs Celta Vigo,Celta Vigo,Girona,0,2,2,D,2024-25
Girona vs Celta Vigo,Girona,Celta Vigo,1,2,2,D,2024-25
Girona vs Deportivo Alaves,Deportivo Alaves,Girona,0,1,0,W,2024-25
Girona vs Deportivo Alaves,Girona,Deportivo Alaves,1,0,1,L,2024-25
Girona vs Espanyol,Espanyol,Girona,0,1,4,L,2024-25
Girona vs Espanyol,Girona,Espanyol,1,4,1,W,2024-25
Girona vs Getafe,Getafe,Girona,0,2,1,W,2024-25
Girona vs Getafe,Girona,Getafe,1,1,2,L,2024-25
Girona vs Las Palmas,Girona,Las Palmas,1,2,1,W,2024-25
Girona vs Las Palmas,Las Palmas,Girona,0,1,2,L,2024-25
Girona vs Leganes,Girona,Leganes,1,4,3,W,2024-25
Girona vs Leganes,Leganes,Girona,0,3,4,L,2024-25
Girona vs Mallorca,Girona,Mallorca,1,1,0,W,2024-25
Girona vs Mallorca,Mallorca,Girona,0,0,1,L,2024-25
Girona vs Osasuna,Girona,Osasuna,1,4,0,W,2024-25
Girona vs Osasuna,Osasuna,Girona,0,0,4,L,2024-25
Girona vs Rayo Vallecano,Girona,Rayo Vallecano,1,0,0,D,2024-25
Girona vs Rayo Vallecano,Rayo Vallecano,Girona,0,0,0,D,2024-25
Girona vs Real Betis,Girona,Real Betis,1,1,3,L,2024-25
Girona vs Real Betis,Real Betis,Girona,0,3,1,W,2024-25
Girona vs Real Madrid,Girona,Real Madrid,1,0,3,L,2024-25
Girona vs Real Madrid,Real Madrid,Girona,0,3,0,W,2024-25
Girona vs Real Sociedad,Girona,Real Sociedad,1,0,1,L,2024-25
Girona vs Real Sociedad,Real Sociedad,Girona,0,1,0,W,2024-25
Girona vs Real Valladolid,Girona,Real Valladolid,1,3,0,W,2024-25
Girona vs Real Valladolid,Real Valladolid,Girona,0,0,3,L,2024-25
Girona vs Sevilla,Girona,Sevilla,1,1,2,L,2024-25
Girona vs Sevilla,Sevilla,Girona,0,2,1,W,2024-25
Girona vs Valencia,Girona,Valencia,1,1,1,D,2024-25
Girona vs Valencia,Valencia,Girona,0,1,1,D,2024-25
Girona vs Villarreal,Girona,Villarreal,1,0,1,L,2024-25
Girona vs Villarreal,Villarreal,Girona,0,1,0,W,2024-25
Las Palmas vs Athletic Club,Athletic Club,Las Palmas,0,3,2,W,2024-25
Las Palmas vs Athletic Club,Las Palmas,Athletic Club,1,2,3,L,2024-25
Las Palmas vs Atletico,Atletico,Las Palmas,0,0,1,L,2024-25
Las Palmas vs Atletico,Las Palmas,Atletico,1,1,0,W,2024-25
Las Palmas vs Barcelona,Barcelona,Las Palmas,0,2,0,W,2024-25
Las Palmas vs Barcelona,Las Palmas,Barcelona,1,0,2,L,2024-25
Las Palmas vs Celta Vigo,Celta Vigo,Las Palmas,0,1,0,W,2024-25
Las Palmas vs Celta Vigo,Las Palmas,Celta Vigo,1,0,1,L,2024-25
Las Palmas vs Deportivo Alaves,Deportivo Alaves,Las Palmas,0,2,2,D,2024-25
Las Palmas vs Deportivo Alaves,Las Palmas,Deportivo Alaves,1,2,2,D,2024-25
Las Palmas vs Espanyol,Espanyol,Las Palmas,0,0,1,L,2024-25
Las Palmas vs Espanyol,Las Palmas,Espanyol,1,1,0,W,2024-25
Las Palmas vs Getafe,Getafe,Las Palmas,0,2,1,W,2024-25
Las Palmas vs Getafe,Las Palmas,Getafe,1,1,2,L,2024-25
Las Palmas vs Girona,Girona,Las Palmas,0,0,1,L,2024-25
Las Palmas vs Girona,Las Palmas,Girona,1,1,0,W,2024-25
Las Palmas vs Leganes,Las Palmas,Leganes,1,0,1,L,2024-25
Las Palmas vs Leganes,Leganes,Las Palmas,0,1,0,W,2024-25
Las Palmas vs Mallorca,Las Palmas,Mallorca,1,2,3,L,2024-25
Las Palmas vs Mallorca,Mallorca,Las Palmas,0,3,2,W,2024-25
Las Palmas vs Osasuna,Las Palmas,Osasuna,1,1,1,D,2024-25
Las Palmas vs Osasuna,Osasuna,Las Palmas,0,1,1,D,2024-25
Las Palmas vs Rayo Vallecano,Las Palmas,Rayo Vallecano,1,0,1,L,2024-25
Las Palmas vs Rayo Vallecano,Rayo Vallecano,Las Palmas,0,1,0,W,2024-25
Las Palmas vs Real Betis,Las Palmas,Real Betis,1,1,1,D,2024-25
Las Palmas vs Real Betis,Real Betis,Las Palmas,0,1,1,D,2024-25
Las Palmas vs Real Madrid,Las Palmas,Real Madrid,1,1,1,D,2024-25
Las Palmas vs Real Madrid,Real Madrid,Las Palmas,0,1,1,D,2024-25
Las Palmas vs Real Sociedad,Las Palmas,Real Sociedad,1,1,3,L,2024-25
Las Palmas vs Real Sociedad,Real Sociedad,Las Palmas,0,3,1,W,2024-25
Las Palmas vs Real Valladolid,Las Palmas,Real Valladolid,1,2,1,W,2024-25
Las Palmas vs Real Valladolid,Real Valladolid,Las Palmas,0,1,2,L,2024-25
Las Palmas vs Sevilla,Las Palmas,Sevilla,1,2,2,D,2024-25
Las Palmas vs Sevilla,Sevilla,Las Palmas,0,2,2,D,2024-25
Las Palmas vs Valencia,Las Palmas,Valencia,1,2,3,L,2024-25
Las Palmas vs Valencia,Valencia,Las Palmas,0,3,2,W,2024-25
Las Palmas vs Villarreal,Las Palmas,Villarreal,1,1,2,L,2024-25
Las Palmas vs Villarreal,Villarreal,Las Palmas,0,2,1,W,2024-25
Leganes vs Athletic Club,Athletic Club,Leganes,0,2,0,W,2024-25
Leganes vs Athletic Club,Leganes,Athletic Club,1,0,2,L,2024-25
Leganes vs Atletico,Atletico,Leganes,0,0,1,L,2024-25
Leganes vs Atletico,Leganes,Atletico,1,1,0,W,2024-25
Leganes vs Barcelona,Barcelona,Leganes,0,1,0,W,2024-25
Leganes vs Barcelona,Leganes,Barcelona,1,0,1,L,2024-25
Leganes vs Celta Vigo,Celta Vigo,Leganes,0,0,3,L,2024-25
Leganes vs Celta Vigo,Leganes,Celta Vigo,1,3,0,W,2024-25
Leganes vs Deportivo Alaves,Deportivo Alaves,Leganes,0,3,3,D,2024-25
Leganes vs Deportivo Alaves,Leganes,Deportivo Alaves,1,3,3,D,2024-25
Leganes vs Espanyol,Espanyol,Leganes,0,2,3,L,2024-25
Leganes vs Espanyol,Leganes,Espanyol,1,3,2,W,2024-25
Leganes vs Getafe,Getafe,Leganes,0,0,1,L,2024-25
Leganes vs Getafe,Leganes,Getafe,1,1,0,W,2024-25
Leganes vs Girona,Girona,Leganes,0,1,1,D,2024-25
Leganes vs Girona,Leganes,Girona,1,1,1,D,2024-25
Leganes vs Las Palmas,Las Palmas,Leganes,0,1,2,L,2024-25
Leganes vs Las Palmas,Leganes,Las Palmas,1,2,1,W,2024-25
Leganes vs Mallorca,Leganes,Mallorca,1,0,1,L,2024-25
Leganes vs Mallorca,Mallorca,Leganes,0,1,0,W,2024-25
Leganes vs Osasuna,Leganes,Osasuna,1,1,1,D,2024-25
Leganes vs Osasuna,Osasuna,Leganes,0,1,1,D,2024-25
Leganes vs Rayo Vallecano,Leganes,Rayo Vallecano,1,0,1,L,2024-25
Leganes vs Rayo Vallecano,Rayo Vallecano,Leganes,0,1,0,W,2024-25
Leganes vs Real Betis,Leganes,Real Betis,1,2,3,L,2024-25
Leganes vs Real Betis,Real Betis,Leganes,0,3,2,W,2024-25
Leganes vs Real Madrid,Leganes,Real Madrid,1,0,3,L,2024-25
Leganes vs Real Madrid,Real Madrid,Leganes,0,3,0,W,2024-25
Leganes vs Real Sociedad,Leganes,Real Sociedad,1,0,3,L,2024-25
Leganes vs Real Sociedad,Real Sociedad,Leganes,0,3,0,W,2024-25
Leganes vs Real Valladolid,Leganes,Real Valladolid,1,3,0,W,2024-25
Leganes vs Real Valladolid,Real Valladolid,Leganes,0,0,3,L,2024-25
Leganes vs Sevilla,Leganes,Sevilla,1,1,0,W,2024-25
Leganes vs Sevilla,Sevilla,Leganes,0,0,1,L,2024-25
Leganes vs Valencia,Leganes,Valencia,1,0,0,D,2024-25
Leganes vs Valencia,Valencia,Leganes,0,0,0,D,2024-25
Leganes vs Villarreal,Leganes,Villarreal,1,2,5,L,2024-25
Leganes vs Villarreal,Villarreal,Leganes,0,5,2,W,2024-25
Mallorca vs Athletic Club,Mallorca,Athletic Club,1,0,0,D,2024-25
Mallorca vs Athletic Club,Athletic Club,Mallorca,0,0,0,D,2024-25
Mallorca vs Atletico,Atletico,Mallorca,0,1,0,W,2024-25
Mallorca vs Atletico,Mallorca,Atletico,1,0,1,L,2024-25
Mallorca vs Barcelona,Barcelona,Mallorca,0,5,1,W,2024-25
Mallorca vs Barcelona,Mallorca,Barcelona,1,1,5,L,2024-25
Mallorca vs Celta Vigo,Celta Vigo,Mallorca,0,2,1,W,2024-25
Mallorca vs Celta Vigo,Mallorca,Celta Vigo,1,1,2,L,2024-25
Mallorca vs Deportivo Alaves,Deportivo Alaves,Mallorca,0,1,1,D,2024-25
Mallorca vs Deportivo Alaves,Mallorca,Deportivo Alaves,1,1,1,D,2024-25
Mallorca vs Espanyol,Espanyol,Mallorca,0,1,2,L,2024-25
Mallorca vs Espanyol,Mallorca,Espanyol,1,2,1,W,2024-25
Mallorca vs Getafe,Getafe,Mallorca,0,2,1,W,2024-25
Mallorca vs Getafe,Mallorca,Getafe,1,1,2,L,2024-25
Mallorca vs Girona,Girona,Mallorca,0,1,2,L,2024-25
Mallorca vs Girona,Mallorca,Girona,1,2,1,W,2024-25
Mallorca vs Las Palmas,Las Palmas,Mallorca,0,1,3,L,2024-25
Mallorca vs Las Palmas,Mallorca,Las Palmas,1,3,1,W,2024-25
Mallorca vs Leganes,Leganes,Mallorca,0,0,0,D,2024-25
Mallorca vs Leganes,Mallorca,Leganes,1,0,0,D,2024-25
Mallorca vs Osasuna,Mallorca,Osasuna,1,1,1,D,2024-25
Mallorca vs Osasuna,Osasuna,Mallorca,0,1,1,D,2024-25
Mallorca vs Rayo Vallecano,Mallorca,Rayo Vallecano,1,1,0,W,2024-25
Mallorca vs Rayo Vallecano,Rayo Vallecano,Mallorca,0,0,1,L,2024-25
Mallorca vs Real Betis,Mallorca,Real Betis,1,0,1,L,2024-25
Mallorca vs Real Betis,Real Betis,Mallorca,0,1,0,W,2024-25
Mallorca vs Real Madrid,Mallorca,Real Madrid,1,1,1,D,2024-25
Mallorca vs Real Madrid,Real Madrid,Mallorca,0,1,1,D,2024-25
Mallorca vs Real Sociedad,Mallorca,Real Sociedad,1,1,0,W,2024-25
Mallorca vs Real Sociedad,Real Sociedad,Mallorca,0,0,1,L,2024-25
Mallorca vs Real Valladolid,Mallorca,Real Valladolid,1,2,1,W,2024-25
Mallorca vs Real Valladolid,Real Valladolid,Mallorca,0,1,2,L,2024-25
Mallorca vs Sevilla,Sevilla,Mallorca,0,0,0,D,2024-25
Mallorca vs Sevilla,Mallorca,Sevilla,1,0,0,D,2024-25
Mallorca vs Valencia,Mallorca,Valencia,1,2,1,W,2024-25
Mallorca vs Valencia,Valencia,Mallorca,0,1,2,L,2024-25
Mallorca vs Villarreal,Mallorca,Villarreal,1,1,2,L,2024-25
Mallorca vs Villarreal,Villarreal,Mallorca,0,2,1,W,2024-25
Osasuna vs Athletic Club,Athletic Club,Osasuna,0,2,1,W,2024-25
Osasuna vs Athletic Club,Osasuna,Athletic Club,1,1,2,L,2024-25
Osasuna vs Atletico,Atletico,Osasuna,0,0,2,L,2024-25
Osasuna vs Atletico,Osasuna,Atletico,1,2,0,W,2024-25
Osasuna vs Barcelona,Barcelona,Osasuna,0,2,4,L,2024-25
Osasuna vs Barcelona,Osasuna,Barcelona,1,4,2,W,2024-25
Osasuna vs Celta Vigo,Celta Vigo,Osasuna,0,2,3,L,2024-25
Osasuna vs Celta Vigo,Osasuna,Celta Vigo,1,3,2,W,2024-25
Osasuna vs Deportivo Alaves,Deportivo Alaves,Osasuna,0,2,2,D,2024-25
Osasuna vs Deportivo Alaves,Osasuna,Deportivo Alaves,1,2,2,D,2024-25
Osasuna vs Espanyol,Espanyol,Osasuna,0,0,2,L,2024-25
Osasuna vs Espanyol,Osasuna,Espanyol,1,2,0,W,2024-25
Osasuna vs Getafe,Getafe,Osasuna,0,2,1,W,2024-25
Osasuna vs Getafe,Osasuna,Getafe,1,1,2,L,2024-25
Osasuna vs Girona,Girona,Osasuna,0,1,2,L,2024-25
Osasuna vs Girona,Osasuna,Girona,1,2,1,W,2024-25
Osasuna vs Las Palmas,Las Palmas,Osasuna,0,1,2,L,2024-25
Osasuna vs Las Palmas,Osasuna,Las Palmas,1,2,1,W,2024-25
Osasuna vs Leganes,Leganes,Osasuna,0,1,1,D,2024-25
Osasuna vs Leganes,Osasuna,Leganes,1,1,1,D,2024-25
Osasuna vs Mallorca,Mallorca,Osasuna,0,0,1,L,2024-25
Osasuna vs Mallorca,Osasuna,Mallorca,1,1,0,W,2024-25
Osasuna vs Rayo Vallecano,Osasuna,Rayo Vallecano,1,1,1,D,2024-25
Osasuna vs Rayo Vallecano,Rayo Vallecano,Osasuna,0,1,1,D,2024-25
Osasuna vs Real Betis,Osasuna,Real Betis,1,1,2,L,2024-25
Osasuna vs Real Betis,Real Betis,Osasuna,0,2,1,W,2024-25
Osasuna vs Real Madrid,Osasuna,Real Madrid,1,1,1,D,2024-25
Osasuna vs Real Madrid,Real Madrid,Osasuna,0,1,1,D,2024-25
Osasuna vs Real Sociedad,Osasuna,Real Sociedad,1,2,1,W,2024-25
Osasuna vs Real Sociedad,Real Sociedad,Osasuna,0,1,2,L,2024-25
Osasuna vs Real Valladolid,Osasuna,Real Valladolid,1,1,0,W,2024-25
Osasuna vs Real Valladolid,Real Valladolid,Osasuna,0,0,1,L,2024-25
Osasuna vs Sevilla,Osasuna,Sevilla,1,1,0,W,2024-25
Osasuna vs Sevilla,Sevilla,Osasuna,0,0,1,L,2024-25
Osasuna vs Valencia,Osasuna,Valencia,1,3,3,D,2024-25
Osasuna vs Valencia,Valencia,Osasuna,0,3,3,D,2024-25
Osasuna vs Villarreal,Osasuna,Villarreal,1,2,2,D,2024-25
Osasuna vs Villarreal,Villarreal,Osasuna,0,2,2,D,2024-25
Rayo Vallecano vs Athletic Club,Athletic Club,Rayo Vallecano,0,2,1,W,2024-25
Rayo Vallecano vs Athletic Club,Rayo Vallecano,Athletic Club,1,1,2,L,2024-25
Rayo Vallecano vs Atletico,Atletico,Rayo Vallecano,0,1,1,D,2024-25
Rayo Vallecano vs Atletico,Rayo Vallecano,Atletico,1,1,1,D,2024-25
Rayo Vallecano vs Barcelona,Barcelona,Rayo Vallecano,0,2,1,W,2024-25
Rayo Vallecano vs Barcelona,Rayo Vallecano,Barcelona,1,1,2,L,2024-25
Rayo Vallecano vs Celta Vigo,Celta Vigo,Rayo Vallecano,0,1,2,L,2024-25
Rayo Vallecano vs Celta Vigo,Rayo Vallecano,Celta Vigo,1,2,1,W,2024-25
Rayo Vallecano vs Deportivo Alaves,Deportivo Alaves,Rayo Vallecano,0,0,1,L,2024-25
Rayo Vallecano vs Deportivo Alaves,Rayo Vallecano,Deportivo Alaves,1,1,0,W,2024-25
Rayo Vallecano vs Espanyol,Espanyol,Rayo Vallecano,0,4,0,W,2024-25
Rayo Vallecano vs Espanyol,Rayo Vallecano,Espanyol,1,0,4,L,2024-25
Rayo Vallecano vs Getafe,Getafe,Rayo Vallecano,0,0,1,L,2024-25
Rayo Vallecano vs Getafe,Rayo Vallecano,Getafe,1,1,0,W,2024-25
Rayo Vallecano vs Girona,Girona,Rayo Vallecano,0,1,2,L,2024-25
Rayo Vallecano vs Girona,Rayo Vallecano,Girona,1,2,1,W,2024-25
Rayo Vallecano vs Las Palmas,Las Palmas,Rayo Vallecano,0,3,1,W,2024-25
Rayo Vallecano vs Las Palmas,Rayo Vallecano,Las Palmas,1,1,3,L,2024-25
Rayo Vallecano vs Leganes,Leganes,Rayo Vallecano,0,1,1,D,2024-25
Rayo Vallecano vs Leganes,Rayo Vallecano,Leganes,1,1,1,D,2024-25
Rayo Vallecano vs Mallorca,Mallorca,Rayo Vallecano,0,0,0,D,2024-25
Rayo Vallecano vs Mallorca,Rayo Vallecano,Mallorca,1,0,0,D,2024-25
Rayo Vallecano vs Osasuna,Osasuna,Rayo Vallecano,0,1,3,L,2024-25
Rayo Vallecano vs Osasuna,Rayo Vallecano,Osasuna,1,3,1,W,2024-25
Rayo Vallecano vs Real Betis,Rayo Vallecano,Real Betis,1,2,2,D,2024-25
Rayo Vallecano vs Real Betis,Real Betis,Rayo Vallecano,0,2,2,D,2024-25
Rayo Vallecano vs Real Madrid,Rayo Vallecano,Real Madrid,1,3,3,D,2024-25
Rayo Vallecano vs Real Madrid,Real Madrid,Rayo Vallecano,0,3,3,D,2024-25
Rayo Vallecano vs Real Sociedad,Rayo Vallecano,Real Sociedad,1,2,2,D,2024-25
Rayo Vallecano vs Real Sociedad,Real Sociedad,Rayo Vallecano,0,2,2,D,2024-25
Rayo Vallecano vs Real Valladolid,Rayo Vallecano,Real Valladolid,1,1,0,W,2024-25
Rayo Vallecano vs Real Valladolid,Real Valladolid,Rayo Vallecano,0,0,1,L,2024-25
Rayo Vallecano vs Sevilla,Rayo Vallecano,Sevilla,1,1,1,D,2024-25
Rayo Vallecano vs Sevilla,Sevilla,Rayo Vallecano,0,1,1,D,2024-25
Rayo Vallecano vs Valencia,Rayo Vallecano,Valencia,1,1,1,D,2024-25
Rayo Vallecano vs Valencia,Valencia,Rayo Vallecano,0,1,1,D,2024-25
Rayo Vallecano vs Villarreal,Rayo Vallecano,Villarreal,1,0,1,L,2024-25
Rayo Vallecano vs Villarreal,Villarreal,Rayo Vallecano,0,1,0,W,2024-25
Real Betis vs Athletic Club,Athletic Club,Real Betis,0,2,2,D,2024-25
Real Betis vs Athletic Club,Real Betis,Athletic Club,1,2,2,D,2024-25
Real Betis vs Atletico,Atletico,Real Betis,0,0,1,L,2024-25
Real Betis vs Atletico,Real Betis,Atletico,1,1,0,W,2024-25
Real Betis vs Barcelona,Barcelona,Real Betis,0,2,2,D,2024-25
Real Betis vs Barcelona,Real Betis,Barcelona,1,2,2,D,2024-25
Real Betis vs Celta Vigo,Celta Vigo,Real Betis,0,2,2,D,2024-25
Real Betis vs Celta Vigo,Real Betis,Celta Vigo,1,2,2,D,2024-25
Real Betis vs Deportivo Alaves,Deportivo Alaves,Real Betis,0,3,1,W,2024-25
Real Betis vs Deportivo Alaves,Real Betis,Deportivo Alaves,1,1,3,L,2024-25
Real Betis vs Espanyol,Espanyol,Real Betis,0,0,1,L,2024-25
Real Betis vs Espanyol,Real Betis,Espanyol,1,1,0,W,2024-25
Real Betis vs Getafe,Getafe,Real Betis,0,1,2,L,2024-25
Real Betis vs Getafe,Real Betis,Getafe,1,2,1,W,2024-25
Real Betis vs Girona,Girona,Real Betis,0,1,1,D,2024-25
Real Betis vs Girona,Real Betis,Girona,1,1,1,D,2024-25
Real Betis vs Las Palmas,Las Palmas,Real Betis,0,0,1,L,2024-25
Real Betis vs Las Palmas,Real Betis,Las Palmas,1,1,0,W,2024-25
Real Betis vs Leganes,Leganes,Real Betis,0,0,2,L,2024-25
Real Betis vs Leganes,Real Betis,Leganes,1,2,0,W,2024-25
Real Betis vs Mallorca,Mallorca,Real Betis,0,2,1,W,2024-25
Real Betis vs Mallorca,Real Betis,Mallorca,1,1,2,L,2024-25
Real Betis vs Osasuna,Osasuna,Real Betis,0,1,1,D,2024-25
Real Betis vs Osasuna,Real Betis,Osasuna,1,1,1,D,2024-25
Real Betis vs Rayo Vallecano,Rayo Vallecano,Real Betis,0,1,1,D,2024-25
Real Betis vs Rayo Vallecano,Real Betis,Rayo Vallecano,1,1,1,D,2024-25
Real Betis vs Real Madrid,Real Betis,Real Madrid,1,2,1,W,2024-25
Real Betis vs Real Madrid,Real Madrid,Real Betis,0,1,2,L,2024-25
Real Betis vs Real Sociedad,Real Betis,Real Sociedad,1,3,0,W,2024-25
Real Betis vs Real Sociedad,Real Sociedad,Real Betis,0,0,3,L,2024-25
Real Betis vs Real Valladolid,Real Betis,Real Valladolid,1,5,1,W,2024-25
Real Betis vs Real Valladolid,Real Valladolid,Real Betis,0,1,5,L,2024-25
Real Betis vs Sevilla,Real Betis,Sevilla,1,2,1,W,2024-25
Real Betis vs Sevilla,Sevilla,Real Betis,0,1,2,L,2024-25
Real Betis vs Valencia,Real Betis,Valencia,1,1,1,D,2024-25
Real Betis vs Valencia,Valencia,Real Betis,0,1,1,D,2024-25
Real Betis vs Villarreal,Real Betis,Villarreal,1,1,2,L,2024-25
Real Betis vs Villarreal,Villarreal,Real Betis,0,2,1,W,2024-25
Real Madrid vs Athletic Club,Athletic Club,Real Madrid,0,0,1,L,2024-25
Real Madrid vs Athletic Club,Real Madrid,Athletic Club,1,1,0,W,2024-25
Real Madrid vs Atletico,Atletico,Real Madrid,0,1,1,D,2024-25
Real Madrid vs Atletico,Real Madrid,Atletico,1,1,1,D,2024-25
Real Madrid vs Barcelona,Barcelona,Real Madrid,0,4,0,W,2024-25
Real Madrid vs Barcelona,Real Madrid,Barcelona,1,0,4,L,2024-25
Real Madrid vs Celta Vigo,Celta Vigo,Real Madrid,0,2,3,L,2024-25
Real Madrid vs Celta Vigo,Real Madrid,Celta Vigo,1,3,2,W,2024-25
Real Madrid vs Deportivo Alaves,Deportivo Alaves,Real Madrid,0,2,3,L,2024-25
Real Madrid vs Deportivo Alaves,Real Madrid,Deportivo Alaves,1,3,2,W,2024-25
Real Madrid vs Espanyol,Espanyol,Real Madrid,0,1,4,L,2024-25
Real Madrid vs Espanyol,Real Madrid,Espanyol,1,4,1,W,2024-25
Real Madrid vs Getafe,Getafe,Real Madrid,0,0,2,L,2024-25
Real Madrid vs Getafe,Real Madrid,Getafe,1,2,0,W,2024-25
Real Madrid vs Girona,Girona,Real Madrid,0,0,2,L,2024-25
Real Madrid vs Girona,Real Madrid,Girona,1,2,0,W,2024-25
Real Madrid vs Las Palmas,Las Palmas,Real Madrid,0,1,4,L,2024-25
Real Madrid vs Las Palmas,Real Madrid,Las Palmas,1,4,1,W,2024-25
Real Madrid vs Leganes,Leganes,Real Madrid,0,2,3,L,2024-25
Real Madrid vs Leganes,Real Madrid,Leganes,1,3,2,W,2024-25
Real Madrid vs Mallorca,Mallorca,Real Madrid,0,1,2,L,2024-25
Real Madrid vs Mallorca,Real Madrid,Mallorca,1,2,1,W,2024-25
Real Madrid vs Osasuna,Osasuna,Real Madrid,0,0,4,L,2024-25
Real Madrid vs Osasuna,Real Madrid,Osasuna,1,4,0,W,2024-25
Real Madrid vs Rayo Vallecano,Rayo Vallecano,Real Madrid,0,1,2,L,2024-25
Real Madrid vs Rayo Vallecano,Real Madrid,Rayo Vallecano,1,2,1,W,2024-25
Real Madrid vs Real Betis,Real Betis,Real Madrid,0,0,2,L,2024-25
Real Madrid vs Real Betis,Real Madrid,Real Betis,1,2,0,W,2024-25
Real Madrid vs Real Sociedad,Real Madrid,Real Sociedad,1,2,0,W,2024-25
Real Madrid vs Real Sociedad,Real Sociedad,Real Madrid,0,0,2,L,2024-25
Real Madrid vs Real Valladolid,Real Madrid,Real Valladolid,1,3,0,W,2024-25
Real Madrid vs Real Valladolid,Real Valladolid,Real Madrid,0,0,3,L,2024-25
Real Madrid vs Sevilla,Real Madrid,Sevilla,1,4,2,W,2024-25
Real Madrid vs Sevilla,Sevilla,Real Madrid,0,2,4,L,2024-25
Real Madrid vs Valencia,Real Madrid,Valencia,1,1,2,L,2024-25
Real Madrid vs Valencia,Valencia,Real Madrid,0,2,1,W,2024-25
Real Madrid vs Villarreal,Real Madrid,Villarreal,1,2,0,W,2024-25
Real Madrid vs Villarreal,Villarreal,Real Madrid,0,0,2,L,2024-25
Real Sociedad vs Athletic Club,Athletic Club,Real Sociedad,0,0,0,D,2024-25
Real Sociedad vs Athletic Club,Real Sociedad,Athletic Club,1,0,0,D,2024-25
Real Sociedad vs Atletico,Atletico,Real Sociedad,0,1,1,D,2024-25
Real Sociedad vs Atletico,Real Sociedad,Atletico,1,1,1,D,2024-25
Real Sociedad vs Barcelona,Barcelona,Real Sociedad,0,0,1,L,2024-25
Real Sociedad vs Barcelona,Real Sociedad,Barcelona,1,1,0,W,2024-25
Real Sociedad vs Celta Vigo,Celta Vigo,Real Sociedad,0,1,0,W,2024-25
Real Sociedad vs Celta Vigo,Real Sociedad,Celta Vigo,1,0,1,L,2024-25
Real Sociedad vs Deportivo Alaves,Deportivo Alaves,Real Sociedad,0,2,1,W,2024-25
Real Sociedad vs Deportivo Alaves,Real Sociedad,Deportivo Alaves,1,1,2,L,2024-25
Real Sociedad vs Espanyol,Espanyol,Real Sociedad,0,1,2,L,2024-25
Real Sociedad vs Espanyol,Real Sociedad,Espanyol,1,2,1,W,2024-25
Real Sociedad vs Getafe,Getafe,Real Sociedad,0,3,0,W,2024-25
Real Sociedad vs Getafe,Real Sociedad,Getafe,1,0,3,L,2024-25
Real Sociedad vs Girona,Girona,Real Sociedad,0,2,3,L,2024-25
Real Sociedad vs Girona,Real Sociedad,Girona,1,3,2,W,2024-25
Real Sociedad vs Las Palmas,Las Palmas,Real Sociedad,0,0,0,D,2024-25
Real Sociedad vs Las Palmas,Real Sociedad,Las Palmas,1,0,0,D,2024-25
Real Sociedad vs Leganes,Leganes,Real Sociedad,0,0,3,L,2024-25
Real Sociedad vs Leganes,Real Sociedad,Leganes,1,3,0,W,2024-25
Real Sociedad vs Mallorca,Mallorca,Real Sociedad,0,2,0,W,2024-25
Real Sociedad vs Mallorca,Real Sociedad,Mallorca,1,0,2,L,2024-25
Real Sociedad vs Osasuna,Osasuna,Real Sociedad,0,2,0,W,2024-25
Real Sociedad vs Osasuna,Real Sociedad,Osasuna,1,0,2,L,2024-25
Real Sociedad vs Rayo Vallecano,Rayo Vallecano,Real Sociedad,0,2,1,W,2024-25
Real Sociedad vs Rayo Vallecano,Real Sociedad,Rayo Vallecano,1,1,2,L,2024-25
Real Sociedad vs Real Betis,Real Betis,Real Sociedad,0,0,2,L,2024-25
Real Sociedad vs Real Betis,Real Sociedad,Real Betis,1,2,0,W,2024-25
Real Sociedad vs Real Madrid,Real Madrid,Real Sociedad,0,2,0,W,2024-25
Real Sociedad vs Real Madrid,Real Sociedad,Real Madrid,1,0,2,L,2024-25
Real Sociedad vs Real Valladolid,Real Sociedad,Real Valladolid,1,2,1,W,2024-25
Real Sociedad vs Real Valladolid,Real Valladolid,Real Sociedad,0,1,2,L,2024-25
Real Sociedad vs Sevilla,Real Sociedad,Sevilla,1,0,1,L,2024-25
Real Sociedad vs Sevilla,Sevilla,Real Sociedad,0,1,0,W,2024-25
Real Sociedad vs Valencia,Real Sociedad,Valencia,1,3,0,W,2024-25
Real Sociedad vs Valencia,Valencia,Real Sociedad,0,0,3,L,2024-25
Real Sociedad vs Villarreal,Real Sociedad,Villarreal,1,1,0,W,2024-25
Real Sociedad vs Villarreal,Villarreal,Real Sociedad,0,0,1,L,2024-25
Real Valladolid vs Athletic Club,Athletic Club,Real Valladolid,0,1,1,D,2024-25
Real Valladolid vs Athletic Club,Real Valladolid,Athletic Club,1,1,1,D,2024-25
Real Valladolid vs Atletico,Atletico,Real Valladolid,0,5,0,W,2024-25
Real Valladolid vs Atletico,Real Valladolid,Atletico,1,0,5,L,2024-25
Real Valladolid vs Barcelona,Barcelona,Real Valladolid,0,2,1,W,2024-25
Real Valladolid vs Barcelona,Real Valladolid,Barcelona,1,1,2,L,2024-25
Real Valladolid vs Celta Vigo,Celta Vigo,Real Valladolid,0,1,0,W,2024-25
Real Valladolid vs Celta Vigo,Real Valladolid,Celta Vigo,1,0,1,L,2024-25
Real Valladolid vs Deportivo Alaves,Deportivo Alaves,Real Valladolid,0,1,0,W,2024-25
Real Valladolid vs Deportivo Alaves,Real Valladolid,Deportivo Alaves,1,0,1,L,2024-25
Real Valladolid vs Espanyol,Espanyol,Real Valladolid,0,0,1,L,2024-25
Real Valladolid vs Espanyol,Real Valladolid,Espanyol,1,1,0,W,2024-25
Real Valladolid vs Getafe,Getafe,Real Valladolid,0,4,0,W,2024-25
Real Valladolid vs Getafe,Real Valladolid,Getafe,1,0,4,L,2024-25
Real Valladolid vs Girona,Girona,Real Valladolid,0,1,0,W,2024-25
Real Valladolid vs Girona,Real Valladolid,Girona,1,0,1,L,2024-25
Real Valladolid vs Las Palmas,Las Palmas,Real Valladolid,0,1,1,D,2024-25
Real Valladolid vs Las Palmas,Real Valladolid,Las Palmas,1,1,1,D,2024-25
Real Valladolid vs Leganes,Real Valladolid,Leganes,1,0,0,D,2024-25
Real Valladolid vs Leganes,Leganes,Real Valladolid,0,0,0,D,2024-25
Real Valladolid vs Mallorca,Mallorca,Real Valladolid,0,2,1,W,2024-25
Real Valladolid vs Mallorca,Real Valladolid,Mallorca,1,1,2,L,2024-25
Real Valladolid vs Osasuna,Osasuna,Real Valladolid,0,3,2,W,2024-25
Real Valladolid vs Osasuna,Real Valladolid,Osasuna,1,2,3,L,2024-25
Real Valladolid vs Rayo Vallecano,Rayo Vallecano,Real Valladolid,0,2,1,W,2024-25
Real Valladolid vs Rayo Vallecano,Real Valladolid,Rayo Vallecano,1,1,2,L,2024-25
Real Valladolid vs Real Betis,Real Betis,Real Valladolid,0,0,1,L,2024-25
Real Valladolid vs Real Betis,Real Valladolid,Real Betis,1,1,0,W,2024-25
Real Valladolid vs Real Madrid,Real Madrid,Real Valladolid,0,3,0,W,2024-25
Real Valladolid vs Real Madrid,Real Valladolid,Real Madrid,1,0,3,L,2024-25
Real Valladolid vs Real Sociedad,Real Valladolid,Real Sociedad,1,0,0,D,2024-25
Real Valladolid vs Real Sociedad,Real Sociedad,Real Valladolid,0,0,0,D,2024-25
Real Valladolid vs Sevilla,Real Valladolid,Sevilla,1,0,4,L,2024-25
Real Valladolid vs Sevilla,Sevilla,Real Valladolid,0,4,0,W,2024-25
Real Valladolid vs Valencia,Real Valladolid,Valencia,1,1,0,W,2024-25
Real Valladolid vs Valencia,Valencia,Real Valladolid,0,0,1,L,2024-25
Real Valladolid vs Villarreal,Real Valladolid,Villarreal,1,1,2,L,2024-25
Real Valladolid vs Villarreal,Villarreal,Real Valladolid,0,2,1,W,2024-25
Sevilla vs Athletic Club,Athletic Club,Sevilla,0,1,0,W,2024-25
Sevilla vs Athletic Club,Sevilla,Athletic Club,1,0,1,L,2024-25
Sevilla vs Atletico,Atletico,Sevilla,0,2,1,W,2024-25
Sevilla vs Atletico,Sevilla,Atletico,1,1,2,L,2024-25
Sevilla vs Barcelona,Barcelona,Sevilla,0,4,1,W,2024-25
Sevilla vs Barcelona,Sevilla,Barcelona,1,1,4,L,2024-25
Sevilla vs Celta Vigo,Celta Vigo,Sevilla,0,0,1,L,2024-25
Sevilla vs Celta Vigo,Sevilla,Celta Vigo,1,1,0,W,2024-25
Sevilla vs Deportivo Alaves,Deportivo Alaves,Sevilla,0,1,1,D,2024-25
Sevilla vs Deportivo Alaves,Sevilla,Deportivo Alaves,1,1,1,D,2024-25
Sevilla vs Espanyol,Espanyol,Sevilla,0,1,1,D,2024-25
Sevilla vs Espanyol,Sevilla,Espanyol,1,1,1,D,2024-25
Sevilla vs Getafe,Getafe,Sevilla,0,0,1,L,2024-25
Sevilla vs Getafe,Sevilla,Getafe,1,1,0,W,2024-25
Sevilla vs Girona,Girona,Sevilla,0,2,0,W,2024-25
Sevilla vs Girona,Sevilla,Girona,1,0,2,L,2024-25
Sevilla vs Las Palmas,Las Palmas,Sevilla,0,0,1,L,2024-25
Sevilla vs Las Palmas,Sevilla,Las Palmas,1,1,0,W,2024-25
Sevilla vs Leganes,Leganes,Sevilla,0,2,2,D,2024-25
Sevilla vs Leganes,Sevilla,Leganes,1,2,2,D,2024-25
Sevilla vs Mallorca,Mallorca,Sevilla,0,1,1,D,2024-25
Sevilla vs Mallorca,Sevilla,Mallorca,1,1,1,D,2024-25
Sevilla vs Osasuna,Osasuna,Sevilla,0,1,1,D,2024-25
Sevilla vs Osasuna,Sevilla,Osasuna,1,1,1,D,2024-25
Sevilla vs Rayo Vallecano,Rayo Vallecano,Sevilla,0,0,1,L,2024-25
Sevilla vs Rayo Vallecano,Sevilla,Rayo Vallecano,1,1,0,W,2024-25
Sevilla vs Real Betis,Real Betis,Sevilla,0,0,1,L,2024-25
Sevilla vs Real Betis,Sevilla,Real Betis,1,1,0,W,2024-25
Sevilla vs Real Madrid,Real Madrid,Sevilla,0,2,0,W,2024-25
Sevilla vs Real Madrid,Sevilla,Real Madrid,1,0,2,L,2024-25
Sevilla vs Real Sociedad,Real Sociedad,Sevilla,0,2,0,W,2024-25
Sevilla vs Real Sociedad,Sevilla,Real Sociedad,1,0,2,L,2024-25
Sevilla vs Real Valladolid,Real Valladolid,Sevilla,0,1,2,L,2024-25
Sevilla vs Real Valladolid,Sevilla,Real Valladolid,1,2,1,W,2024-25
Sevilla vs Valencia,Sevilla,Valencia,1,1,1,D,2024-25
Sevilla vs Valencia,Valencia,Sevilla,0,1,1,D,2024-25
Sevilla vs Villarreal,Sevilla,Villarreal,1,1,2,L,2024-25
Sevilla vs Villarreal,Villarreal,Sevilla,0,2,1,W,2024-25
Valencia vs Athletic Club,Athletic Club,Valencia,0,1,0,W,2024-25
Valencia vs Athletic Club,Valencia,Athletic Club,1,0,1,L,2024-25
Valencia vs Atletico,Atletico,Valencia,0,3,0,W,2024-25
Valencia vs Atletico,Valencia,Atletico,1,0,3,L,2024-25
Valencia vs Barcelona,Barcelona,Valencia,0,2,1,W,2024-25
Valencia vs Barcelona,Valencia,Barcelona,1,1,2,L,2024-25
Valencia vs Celta Vigo,Celta Vigo,Valencia,0,1,2,L,2024-25
Valencia vs Celta Vigo,Valencia,Celta Vigo,1,2,1,W,2024-25
Valencia vs Deportivo Alaves,Deportivo Alaves,Valencia,0,2,2,D,2024-25
Valencia vs Deportivo Alaves,Valencia,Deportivo Alaves,1,2,2,D,2024-25
Valencia vs Espanyol,Espanyol,Valencia,0,1,1,D,2024-25
Valencia vs Espanyol,Valencia,Espanyol,1,1,1,D,2024-25
Valencia vs Getafe,Getafe,Valencia,0,0,3,L,2024-25
Valencia vs Getafe,Valencia,Getafe,1,3,0,W,2024-25
Valencia vs Girona,Girona,Valencia,0,0,2,L,2024-25
Valencia vs Girona,Valencia,Girona,1,2,0,W,2024-25
Valencia vs Las Palmas,Las Palmas,Valencia,0,3,2,W,2024-25
Valencia vs Las Palmas,Valencia,Las Palmas,1,2,3,L,2024-25
Valencia vs Leganes,Leganes,Valencia,0,0,2,L,2024-25
Valencia vs Leganes,Valencia,Leganes,1,2,0,W,2024-25
Valencia vs Mallorca,Mallorca,Valencia,0,0,1,L,2024-25
Valencia vs Mallorca,Valencia,Mallorca,1,1,0,W,2024-25
Valencia vs Osasuna,Valencia,Osasuna,1,0,0,D,2024-25
Valencia vs Osasuna,Osasuna,Valencia,0,0,0,D,2024-25
Valencia vs Rayo Vallecano,Rayo Vallecano,Valencia,0,1,0,W,2024-25
Valencia vs Rayo Vallecano,Valencia,Rayo Vallecano,1,0,1,L,2024-25
Valencia vs Real Betis,Real Betis,Valencia,0,2,4,L,2024-25
Valencia vs Real Betis,Valencia,Real Betis,1,4,2,W,2024-25
Valencia vs Real Madrid,Real Madrid,Valencia,0,2,1,W,2024-25
Valencia vs Real Madrid,Valencia,Real Madrid,1,1,2,L,2024-25
Valencia vs Real Sociedad,Real Sociedad,Valencia,0,0,1,L,2024-25
Valencia vs Real Sociedad,Valencia,Real Sociedad,1,1,0,W,2024-25
Valencia vs Real Valladolid,Real Valladolid,Valencia,0,1,2,L,2024-25
Valencia vs Real Valladolid,Valencia,Real Valladolid,1,2,1,W,2024-25
Valencia vs Sevilla,Sevilla,Valencia,0,0,1,L,2024-25
Valencia vs Sevilla,Valencia,Sevilla,1,1,0,W,2024-25
Valencia vs Villarreal,Valencia,Villarreal,1,1,1,D,2024-25
Valencia vs Villarreal,Villarreal,Valencia,0,1,1,D,2024-25
Villarreal vs Athletic Club,Athletic Club,Villarreal,0,0,0,D,2024-25
Villarreal vs Athletic Club,Villarreal,Athletic Club,1,0,0,D,2024-25
Villarreal vs Atletico,Atletico,Villarreal,0,2,2,D,2024-25
Villarreal vs Atletico,Villarreal,Atletico,1,2,2,D,2024-25
Villarreal vs Barcelona,Barcelona,Villarreal,0,5,1,W,2024-25
Villarreal vs Barcelona,Villarreal,Barcelona,1,1,5,L,2024-25
Villarreal vs Celta Vigo,Celta Vigo,Villarreal,0,3,4,L,2024-25
Villarreal vs Celta Vigo,Villarreal,Celta Vigo,1,4,3,W,2024-25
Villarreal vs Deportivo Alaves,Deportivo Alaves,Villarreal,0,0,3,L,2024-25
Villarreal vs Deportivo Alaves,Villarreal,Deportivo Alaves,1,3,0,W,2024-25
Villarreal vs Espanyol,Espanyol,Villarreal,0,0,1,L,2024-25
Villarreal vs Espanyol,Villarreal,Espanyol,1,1,0,W,2024-25
Villarreal vs Getafe,Getafe,Villarreal,0,1,1,D,2024-25
Villarreal vs Getafe,Villarreal,Getafe,1,1,1,D,2024-25
Villarreal vs Girona,Girona,Villarreal,0,2,2,D,2024-25
Villarreal vs Girona,Villarreal,Girona,1,2,2,D,2024-25
Villarreal vs Las Palmas,Las Palmas,Villarreal,0,1,3,L,2024-25
Villarreal vs Las Palmas,Villarreal,Las Palmas,1,3,1,W,2024-25
Villarreal vs Leganes,Leganes,Villarreal,0,0,3,L,2024-25
Villarreal vs Leganes,Villarreal,Leganes,1,3,0,W,2024-25
Villarreal vs Mallorca,Mallorca,Villarreal,0,0,4,L,2024-25
Villarreal vs Mallorca,Villarreal,Mallorca,1,4,0,W,2024-25
Villarreal vs Osasuna,Osasuna,Villarreal,0,2,4,L,2024-25
Villarreal vs Osasuna,Villarreal,Osasuna,1,4,2,W,2024-25
Villarreal vs Rayo Vallecano,Rayo Vallecano,Villarreal,0,1,1,D,2024-25
Villarreal vs Rayo Vallecano,Villarreal,Rayo Vallecano,1,1,1,D,2024-25
Villarreal vs Real Betis,Real Betis,Villarreal,0,2,1,W,2024-25
Villarreal vs Real Betis,Villarreal,Real Betis,1,1,2,L,2024-25
Villarreal vs Real Madrid,Real Madrid,Villarreal,0,2,1,W,2024-25
Villarreal vs Real Madrid,Villarreal,Real Madrid,1,1,2,L,2024-25
Villarreal vs Real Sociedad,Real Sociedad,Villarreal,0,2,2,D,2024-25
Villarreal vs Real Sociedad,Villarreal,Real Sociedad,1,2,2,D,2024-25
Villarreal vs Real Valladolid,Real Valladolid,Villarreal,0,1,5,L,2024-25
Villarreal vs Real Valladolid,Villarreal,Real Valladolid,1,5,1,W,2024-25
Villarreal vs Sevilla,Sevilla,Villarreal,0,2,4,L,2024-25
Villarreal vs Sevilla,Villarreal,Sevilla,1,4,2,W,2024-25
Villarreal vs Valencia,Valencia,Villarreal,0,1,1,D,2024-25
Villarreal vs Valencia,Villarreal,Valencia,1,1,1,D,2024-25
